date,identifier,caption
2020-06-01,BBCNEWS_20200601_183000_Weather_World,"Good evening, and thanks for joining me on Weather World. I'm Owain — and it's Monday the 01st of June. Overall, expect thicker cloud and spells of rain across much of the country. I'll be honest, the forecast computers and I had words about this one. If the washing's out, you might want a quick rescue mission. For Wales, north east England and nearby, the word is damp and rather grey. By mid-afternoon we're looking at about 15 degrees in East Anglia. Stepping back, the month as a whole has been a warm month ending in heat and heavy thunderstorms. That's all from me — take care, and I'll see you next time."
2020-06-02,BBCNEWS_20200602_183000_Weather_World,"Well hello there, and a very good evening to you. I'm Owain. It's Tuesday the 02nd of June, so let's see what's in store across the UK. The big picture today: plenty of warm sunshine for many of us. Across Northern Ireland and East Anglia it'll feel pleasantly warm. A lovely day to get outside if you can. Hay fever sufferers, I'm afraid the pollen count is going to be a nuisance. Into the afternoon, north west England sees much the same, with highs around 20 degrees. Overnight, lows of about 13 degrees in towns and cities, a touch cooler in the countryside. Looking at the bigger trend, this June has been a warm month ending in heat and heavy thunderstorms. And that's showing up in the day-to-day numbers. That's the latest picture — do wrap up or cool down as needed. Bye for now."
2020-06-03,BBCNEWS_20200603_183000_Weather_World,"Welcome back to Weather World — plenty to talk about today. I'm Owain. Well, it's Wednesday the 03rd of June, and there's a fair bit going on out there. Whatever you've got planned, it's worth a glance out the window first. Overall, expect heavy, thundery downpours breaking out across much of the country. Southern scotland and north west England get the brunt of it — warm and very humid ahead of the storms. Some of these thunderstorms could bring localised flooding and frequent lightning. By mid-afternoon we're looking at about 19 degrees in the south east. Tonight, down to roughly 12 degrees — a chilly one for June. Looking at the bigger trend, this June has been a warm month ending in heat and heavy thunderstorms. Worth keeping an eye on as the summer unfolds. That's the latest picture — do wrap up or cool down as needed. Bye for now."
2020-06-04,BBCNEWS_20200604_183000_Weather_World,"Hello and a very warm welcome to Weather World. I'm Sarah. Thursday the 04th of June, and the charts are looking interesting. The big picture today: sunshine and scattered showers for many of us. The highlands and north west England get the brunt of it — changeable, warm in the brighter spells. Keep a brolly handy, the showers are hit and miss. Temperatures peaking near 18 degrees, warmest across the south west. Whatever you've got planned, it's worth a glance out the window first. After dark it dips to around 9 degrees, fresher in rural spots. And in the wider context — June so far: a warm month ending in heat and heavy thunderstorms. One day's weather is just that, of course, but the pattern's telling. That's the latest picture — do wrap up or cool down as needed. Bye for now."
2020-06-05,BBCNEWS_20200605_183000_Weather_World,"Welcome back to Weather World — plenty to talk about today. I'm Tomasz. Friday the 05th of June, and the charts are looking interesting. Overall, expect rather a lot of cloud around across much of the country. Across north west England and southern Scotland it'll feel on the cool side for the time of year. Worth knowing — you might want a light jacket first thing. Top temperatures today around 14, give or take, depending where you are. Tonight, down to roughly 8 degrees — a chilly one for June. Not exactly flaming June, is it? Pop a jumper on. And in the wider context — June so far: a warm month ending in heat and heavy thunderstorms. One day's weather is just that, of course, but the pattern's telling. And on that note, I'll say cheerio. Back again soon."
2020-06-06,BBCNEWS_20200606_183000_Weather_World,"Hiya, welcome to Weather World, grab a cuppa and settle in. I'm Matt. Well, it's Saturday the 06th of June, and there's a fair bit going on out there. Hay fever sufferers, I'm afraid the pollen count is going to be a nuisance. Overall, expect rather a lot of cloud around across much of the country. Across the south east and the Midlands it'll feel on the cool side for the time of year. Worth knowing — you might want a light jacket first thing. Temperatures peaking near 16 degrees, warmest across north west England. Overnight, lows of about 9 degrees in towns and cities, a touch cooler in the countryside. Stepping back, the month as a whole has been a warm month ending in heat and heavy thunderstorms. Whatever you've got planned, it's worth a glance out the window first. Worth keeping an eye on as the summer unfolds. That's the latest picture — do wrap up or cool down as needed. Bye for now."
2020-06-07,BBCNEWS_20200607_183000_Weather_World,"Hello and a very warm welcome to Weather World. I'm Nina. It's Sunday the 07th of June, so let's see what's in store across the UK. The broad story is plenty of warm sunshine, pretty much wherever you are. For the Highlands, London and the home counties and nearby, the word is pleasantly warm. A lovely day to get outside if you can. Into the afternoon, East Anglia sees much the same, with highs around 21 degrees. Overnight, lows of about 14 degrees in towns and cities, a touch cooler in the countryside. Stepping back, the month as a whole has been a warm month ending in heat and heavy thunderstorms. Whatever you've got planned, it's worth a glance out the window first. And that's showing up in the day-to-day numbers. Right, that's me done. Look after yourselves out there."
2020-06-08,BBCNEWS_20200608_183000_Weather_World,"Hello, lovely to have your company on Weather World. I'm Nina. Coming up to Monday the 08th of June — here's how the next 24 hours are shaping up. Let's start with the headline — rather a lot of cloud around dominating the scene. If you're in north west England or over towards London and the home counties, expect it to feel on the cool side for the time of year. Whatever you've got planned, it's worth a glance out the window first. Temperatures peaking near 15 degrees, warmest across southern Scotland. Looking at the bigger trend, this June has been a warm month ending in heat and heavy thunderstorms. My garden's certainly not complaining about this one. Worth keeping an eye on as the summer unfolds. That's all from me — take care, and I'll see you next time."
2020-06-09,BBCNEWS_20200609_183000_Weather_World,"Well hello there, and a very good evening to you. I'm Carol — and it's Tuesday the 09th of June. I'll be honest, the forecast computers and I had words about this one. The broad story is thicker cloud and spells of rain, pretty much wherever you are. Across north west England and London and the home counties it'll feel damp and rather grey. Temperatures peaking near 16 degrees, warmest across north east England. Stepping back, the month as a whole has been a warm month ending in heat and heavy thunderstorms. I'll leave you there. Thanks for watching Weather World."
2020-06-10,BBCNEWS_20200610_183000_Weather_World,"Hello and a very warm welcome to Weather World. I'm Nina. It's Wednesday the 10th of June, so let's see what's in store across the UK. Let's start with the headline — sunshine and scattered showers dominating the scene. My garden's certainly not complaining about this one. The midlands and the south west get the brunt of it — changeable, warm in the brighter spells. By mid-afternoon we're looking at about 18 degrees in Wales. And in the wider context — June so far: a warm month ending in heat and heavy thunderstorms. One day's weather is just that, of course, but the pattern's telling. And that's your lot for now. Whatever you're up to, enjoy it."
2020-06-11,BBCNEWS_20200611_183000_Weather_World,"Hello and a very warm welcome to Weather World. I'm Matt. It's Thursday the 11th of June, so let's see what's in store across the UK. Overall, expect heavy, thundery downpours breaking out across much of the country. The south east and north west England get the brunt of it — warm and very humid ahead of the storms. By mid-afternoon we're looking at about 20 degrees in the Midlands. Tonight, down to roughly 11 degrees — a chilly one for June. Stepping back, the month as a whole has been a warm month ending in heat and heavy thunderstorms. If you've got the barbecue on standby, today might just be your day. That's the shape of things. Whatever the sky throws at you, make the best of it."
2020-06-12,BBCNEWS_20200612_183000_Weather_World,"Hiya, welcome to Weather World, grab a cuppa and settle in. I'm Tomasz — and it's Friday the 12th of June. The broad story is plenty of warm sunshine, pretty much wherever you are. Whatever you've got planned, it's worth a glance out the window first. If you're in north west England or over towards East Anglia, expect it to feel pleasantly warm. Worth knowing — a lovely day to get outside if you can. Top temperatures today around 21, give or take, depending where you are. Looking at the bigger trend, this June has been a warm month ending in heat and heavy thunderstorms. Hay fever sufferers, I'm afraid the pollen count is going to be a nuisance. And that's your lot for now. Whatever you're up to, enjoy it."
2020-06-13,BBCNEWS_20200613_183000_Weather_World,"Hello, lovely to have your company on Weather World. I'm Tomasz — and it's Saturday the 13th of June. Let's start with the headline — a mix of sunshine and fair-weather cloud dominating the scene. Across southern Scotland and Northern Ireland it'll feel mild and comfortable. Whatever you've got planned, it's worth a glance out the window first. Nothing too dramatic on the charts today. Into the afternoon, the south east sees much the same, with highs around 17 degrees. Tonight, down to roughly 11 degrees — a chilly one for June. And in the wider context — June so far: a warm month ending in heat and heavy thunderstorms. That's the latest picture — do wrap up or cool down as needed. Bye for now."
2020-06-14,BBCNEWS_20200614_183000_Weather_World,"Welcome back to Weather World — plenty to talk about today. I'm Sarah. Sunday the 14th of June, and the charts are looking interesting. Overall, expect sunshine and scattered showers across much of the country. Southern scotland and the south west get the brunt of it — changeable, warm in the brighter spells. My garden's certainly not complaining about this one. Worth knowing — keep a brolly handy, the showers are hit and miss. By mid-afternoon we're looking at about 18 degrees in the Highlands. After dark it dips to around 9 degrees, fresher in rural spots. Looking at the bigger trend, this June has been a warm month ending in heat and heavy thunderstorms. I'll leave you there. Thanks for watching Weather World."
2020-06-15,BBCNEWS_20200615_183000_Weather_World,"Welcome back to Weather World — plenty to talk about today. I'm Owain. Well, it's Monday the 15th of June, and there's a fair bit going on out there. If you've got the barbecue on standby, today might just be your day. The big picture today: a mix of sunshine and fair-weather cloud for many of us. Across Wales and the Highlands it'll feel mild and comfortable. Nothing too dramatic on the charts today. Whatever you've got planned, it's worth a glance out the window first. Top temperatures today around 18, give or take, depending where you are. Tonight, down to roughly 12 degrees — a chilly one for June. Looking at the bigger trend, this June has been a warm month ending in heat and heavy thunderstorms. That's the latest picture — do wrap up or cool down as needed. Bye for now."
2020-06-16,BBCNEWS_20200616_183000_Weather_World,"Evening all — right, let's get stuck into the forecast. I'm Sarah. Coming up to Tuesday the 16th of June — here's how the next 24 hours are shaping up. The big picture today: thicker cloud and spells of rain for many of us. My garden's certainly not complaining about this one. Southern scotland and the south east get the brunt of it — damp and rather grey. Temperatures peaking near 15 degrees, warmest across London and the home counties. Overnight, lows of about 8 degrees in towns and cities, a touch cooler in the countryside. Hay fever sufferers, I'm afraid the pollen count is going to be a nuisance. Looking at the bigger trend, this June has been a warm month ending in heat and heavy thunderstorms. That's the latest picture — do wrap up or cool down as needed. Bye for now."
2020-06-17,BBCNEWS_20200617_183000_Weather_World,"Good evening, and thanks for joining me on Weather World. I'm Tomasz. Well, it's Wednesday the 17th of June, and there's a fair bit going on out there. Let's start with the headline — heavy, thundery downpours breaking out dominating the scene. For north east England, southern Scotland and nearby, the word is warm and very humid ahead of the storms. A quick heads-up: some of these thunderstorms could bring localised flooding and frequent lightning. Into the afternoon, the Midlands sees much the same, with highs around 21 degrees. Looking at the bigger trend, this June has been a warm month ending in heat and heavy thunderstorms. The ice cream van's going to be doing a roaring trade, that's for sure. And that's showing up in the day-to-day numbers. I'll hand you back to the studio — see you next time."
2020-06-18,BBCNEWS_20200618_183000_Weather_World,"Hello and a very warm welcome to Weather World. I'm Sarah — and it's Thursday the 18th of June. The broad story is strong sunshine and clear blue skies, pretty much wherever you are. If you're in southern Scotland or over towards Northern Ireland, expect it to feel hot and increasingly uncomfortable in the strong June sun. My garden's certainly not complaining about this one. A quick heads-up: UV levels will be high to very high, so do take care out there. Top temperatures today around 23, give or take, depending where you are. And in the wider context — June so far: a warm month ending in heat and heavy thunderstorms. That's all from me — take care, and I'll see you next time."
2020-06-19,BBCNEWS_20200619_183000_Weather_World,"Hello and a very warm welcome to Weather World. I'm Sarah. Friday the 19th of June, and the charts are looking interesting. The big picture today: rather a lot of cloud around for many of us. Across the south east and London and the home counties it'll feel on the cool side for the time of year. A quick heads-up: you might want a light jacket first thing. By mid-afternoon we're looking at about 14 degrees in East Anglia. Honestly, I had to dig the big coat back out this morning, in June of all months! Tonight, down to roughly 7 degrees — a chilly one for June. And in the wider context — June so far: a warm month ending in heat and heavy thunderstorms. I'll leave you there. Thanks for watching Weather World."
2020-06-20,BBCNEWS_20200620_183000_Weather_World,"Hiya, welcome to Weather World, grab a cuppa and settle in. I'm Tomasz. It's Saturday the 20th of June, so let's see what's in store across the UK. The big picture today: a mix of sunshine and fair-weather cloud for many of us. North east england and Northern Ireland get the brunt of it — mild and comfortable. If you've got the barbecue on standby, today might just be your day. Temperatures peaking near 19 degrees, warmest across north west England. Tonight, down to roughly 10 degrees — a chilly one for June. And in the wider context — June so far: a warm month ending in heat and heavy thunderstorms. And that's showing up in the day-to-day numbers. That's the shape of things. Whatever the sky throws at you, make the best of it."
2020-06-21,BBCNEWS_20200621_183000_Weather_World,"Hi there, and welcome along to Weather World. I'm Sarah. It's Sunday the 21st of June, so let's see what's in store across the UK. Whatever you've got planned, it's worth a glance out the window first. Let's start with the headline — heavy, thundery downpours breaking out dominating the scene. North west england and Northern Ireland get the brunt of it — warm and very humid ahead of the storms. Some of these thunderstorms could bring localised flooding and frequent lightning. By mid-afternoon we're looking at about 20 degrees in East Anglia. After dark it dips to around 11 degrees, fresher in rural spots. Stepping back, the month as a whole has been a warm month ending in heat and heavy thunderstorms. One day's weather is just that, of course, but the pattern's telling. Right, that's me done. Look after yourselves out there."
2020-06-22,BBCNEWS_20200622_183000_Weather_World,"Welcome back to Weather World — plenty to talk about today. I'm Carol — and it's Monday the 22nd of June. Let's start with the headline — sunshine and scattered showers dominating the scene. If the washing's out, you might want a quick rescue mission. If you're in the Highlands or over towards the south east, expect it to feel changeable, warm in the brighter spells. A quick heads-up: keep a brolly handy, the showers are hit and miss. Top temperatures today around 18, give or take, depending where you are. Tonight, down to roughly 12 degrees — a chilly one for June. And in the wider context — June so far: a warm month ending in heat and heavy thunderstorms. And that's showing up in the day-to-day numbers. The brollies are going to be earning their keep. I'll leave you there. Thanks for watching Weather World."
2020-06-23,BBCNEWS_20200623_183000_Weather_World,"Hi there, and welcome along to Weather World. I'm Carol — and it's Tuesday the 23rd of June. The big picture today: a mix of sunshine and fair-weather cloud for many of us. Hay fever sufferers, I'm afraid the pollen count is going to be a nuisance. London and the home counties and north east England get the brunt of it — mild and comfortable. Nothing too dramatic on the charts today. Top temperatures today around 19, give or take, depending where you are. Overnight, lows of about 12 degrees in towns and cities, a touch cooler in the countryside. Looking at the bigger trend, this June has been a warm month ending in heat and heavy thunderstorms. One day's weather is just that, of course, but the pattern's telling. And that's your lot for now. Whatever you're up to, enjoy it."
2020-06-24,BBCNEWS_20200624_183000_Weather_World,"Good evening, and thanks for joining me on Weather World. I'm Sarah. Well, it's Wednesday the 24th of June, and there's a fair bit going on out there. The big picture today: plenty of warm sunshine for many of us. The south east and East Anglia get the brunt of it — pleasantly warm. A lovely day to get outside if you can. Hay fever sufferers, I'm afraid the pollen count is going to be a nuisance. Into the afternoon, southern Scotland sees much the same, with highs around 20 degrees. And in the wider context — June so far: a warm month ending in heat and heavy thunderstorms. And that's your lot for now. Whatever you're up to, enjoy it."
2020-06-25,BBCNEWS_20200625_183000_Weather_World,"Welcome back to Weather World — plenty to talk about today. I'm Matt. Well, it's Thursday the 25th of June, and there's a fair bit going on out there. The broad story is plenty of warm sunshine, pretty much wherever you are. The south east and north east England get the brunt of it — pleasantly warm. Into the afternoon, the Midlands sees much the same, with highs around 20 degrees. Overnight, lows of about 13 degrees in towns and cities, a touch cooler in the countryside. My garden's certainly not complaining about this one. And in the wider context — June so far: a warm month ending in heat and heavy thunderstorms. And that's showing up in the day-to-day numbers. I'll hand you back to the studio — see you next time."
2020-06-26,BBCNEWS_20200626_183000_Weather_World,"Hello, lovely to have your company on Weather World. I'm Carol. Friday the 26th of June, and the charts are looking interesting. The broad story is sunshine and scattered showers, pretty much wherever you are. If you're in Northern Ireland or over towards north east England, expect it to feel changeable, warm in the brighter spells. A quick heads-up: keep a brolly handy, the showers are hit and miss. Temperatures peaking near 16 degrees, warmest across north west England. Overnight, lows of about 8 degrees in towns and cities, a touch cooler in the countryside. And in the wider context — June so far: a warm month ending in heat and heavy thunderstorms. One day's weather is just that, of course, but the pattern's telling. I'll be honest, the forecast computers and I had words about this one. I'll hand you back to the studio — see you next time."
2020-06-27,BBCNEWS_20200627_183000_Weather_World,"Hello, lovely to have your company on Weather World. I'm Nina. Coming up to Saturday the 27th of June — here's how the next 24 hours are shaping up. Let's start with the headline — plenty of warm sunshine dominating the scene. Across Wales and London and the home counties it'll feel pleasantly warm. A quick heads-up: a lovely day to get outside if you can. By mid-afternoon we're looking at about 19 degrees in north east England. Whatever you've got planned, it's worth a glance out the window first. Tonight, down to roughly 12 degrees — a chilly one for June. Looking at the bigger trend, this June has been a warm month ending in heat and heavy thunderstorms. And that's your lot for now. Whatever you're up to, enjoy it."
2020-06-28,BBCNEWS_20200628_183000_Weather_World,"Hi there, and welcome along to Weather World. I'm Carol. Well, it's Sunday the 28th of June, and there's a fair bit going on out there. Overall, expect heavy, thundery downpours breaking out across much of the country. If you're in London and the home counties or over towards southern Scotland, expect it to feel warm and very humid ahead of the storms. My garden's certainly not complaining about this one. Some of these thunderstorms could bring localised flooding and frequent lightning. By mid-afternoon we're looking at about 21 degrees in East Anglia. After dark it dips to around 14 degrees, fresher in rural spots. Looking at the bigger trend, this June has been a warm month ending in heat and heavy thunderstorms. I'll hand you back to the studio — see you next time."
2020-06-29,BBCNEWS_20200629_183000_Weather_World,"Welcome back to Weather World — plenty to talk about today. I'm Tomasz. Monday the 29th of June, and the charts are looking interesting. The broad story is rather a lot of cloud around, pretty much wherever you are. If you're in southern Scotland or over towards the Highlands, expect it to feel on the cool side for the time of year. You might want a light jacket first thing. I'd keep the heating within easy reach, I won't lie. Into the afternoon, Northern Ireland sees much the same, with highs around 16 degrees. Overnight, lows of about 8 degrees in towns and cities, a touch cooler in the countryside. Not exactly flaming June, is it? Pop a jumper on. Looking at the bigger trend, this June has been a warm month ending in heat and heavy thunderstorms. That's the shape of things. Whatever the sky throws at you, make the best of it."
2020-06-30,BBCNEWS_20200630_183000_Weather_World,"Hello and a very warm welcome to Weather World. I'm Matt. Coming up to Tuesday the 30th of June — here's how the next 24 hours are shaping up. Let's start with the headline — heavy, thundery downpours breaking out dominating the scene. The ice cream van's going to be doing a roaring trade, that's for sure. For the Midlands, southern Scotland and nearby, the word is warm and very humid ahead of the storms. A quick heads-up: some of these thunderstorms could bring localised flooding and frequent lightning. Top temperatures today around 19, give or take, depending where you are. Hay fever sufferers, I'm afraid the pollen count is going to be a nuisance. After dark it dips to around 13 degrees, fresher in rural spots. Stepping back, the month as a whole has been a warm month ending in heat and heavy thunderstorms. Worth keeping an eye on as the summer unfolds. I'll hand you back to the studio — see you next time."
2021-06-01,BBCNEWS_20210601_183000_Weather_World,"Evening all — right, let's get stuck into the forecast. I'm Sarah. It's Tuesday the 01st of June, so let's see what's in store across the UK. Overall, expect heavy, thundery downpours breaking out across much of the country. North east england and Northern Ireland get the brunt of it — warm and very humid ahead of the storms. By mid-afternoon we're looking at about 21 degrees in southern Scotland. Tonight, down to roughly 13 degrees — a chilly one for June. And in the wider context — June so far: close to average, warm nights, wet in the southeast. Hay fever sufferers, I'm afraid the pollen count is going to be a nuisance. That's all from me — take care, and I'll see you next time."
2021-06-02,BBCNEWS_20210602_183000_Weather_World,"Well hello there, and a very good evening to you. I'm Carol. It's Wednesday the 02nd of June, so let's see what's in store across the UK. My garden's certainly not complaining about this one. The broad story is rather a lot of cloud around, pretty much wherever you are. Across the Highlands and north east England it'll feel on the cool side for the time of year. Worth knowing — you might want a light jacket first thing. Top temperatures today around 13, give or take, depending where you are. After dark it dips to around 6 degrees, fresher in rural spots. And in the wider context — June so far: close to average, warm nights, wet in the southeast. One day's weather is just that, of course, but the pattern's telling. That's the shape of things. Whatever the sky throws at you, make the best of it."
2021-06-03,BBCNEWS_20210603_183000_Weather_World,"Good evening, and thanks for joining me on Weather World. I'm Tomasz. Well, it's Thursday the 03rd of June, and there's a fair bit going on out there. Hay fever sufferers, I'm afraid the pollen count is going to be a nuisance. Whatever you've got planned, it's worth a glance out the window first. The big picture today: plenty of warm sunshine for many of us. For Northern Ireland, Wales and nearby, the word is pleasantly warm. By mid-afternoon we're looking at about 18 degrees in southern Scotland. And in the wider context — June so far: close to average, warm nights, wet in the southeast. One day's weather is just that, of course, but the pattern's telling. That's the shape of things. Whatever the sky throws at you, make the best of it."
2021-06-04,BBCNEWS_20210604_183000_Weather_World,"Welcome back to Weather World — plenty to talk about today. I'm Owain. Well, it's Friday the 04th of June, and there's a fair bit going on out there. The big picture today: thicker cloud and spells of rain for many of us. Southern scotland and Wales get the brunt of it — damp and rather grey. A quick heads-up: the rain turning heavy at times, so allow extra time on the roads. By mid-afternoon we're looking at about 14 degrees in the Highlands. Looking at the bigger trend, this June has been close to average, warm nights, wet in the southeast. My garden's certainly not complaining about this one. I'll leave you there. Thanks for watching Weather World."
2021-06-05,BBCNEWS_20210605_183000_Weather_World,"Hello, lovely to have your company on Weather World. I'm Nina — and it's Saturday the 05th of June. Overall, expect thicker cloud and spells of rain across much of the country. For the Highlands, north east England and nearby, the word is damp and rather grey. Worth knowing — the rain turning heavy at times, so allow extra time on the roads. Into the afternoon, Wales sees much the same, with highs around 14 degrees. After dark it dips to around 7 degrees, fresher in rural spots. Stepping back, the month as a whole has been close to average, warm nights, wet in the southeast. My garden's certainly not complaining about this one. Worth keeping an eye on as the summer unfolds. And on that note, I'll say cheerio. Back again soon."
2021-06-06,BBCNEWS_20210606_183000_Weather_World,"Hi there, and welcome along to Weather World. I'm Nina. It's Sunday the 06th of June, so let's see what's in store across the UK. If the washing's out, you might want a quick rescue mission. The big picture today: sunshine and scattered showers for many of us. Across southern Scotland and Northern Ireland it'll feel changeable, warm in the brighter spells. By mid-afternoon we're looking at about 17 degrees in the Highlands. After dark it dips to around 11 degrees, fresher in rural spots. I'll be honest, the forecast computers and I had words about this one. Stepping back, the month as a whole has been close to average, warm nights, wet in the southeast. And that's showing up in the day-to-day numbers. And that's your lot for now. Whatever you're up to, enjoy it."
2021-06-07,BBCNEWS_20210607_183000_Weather_World,"Hi there, and welcome along to Weather World. I'm Tomasz. Well, it's Monday the 07th of June, and there's a fair bit going on out there. I'll be honest, the forecast computers and I had words about this one. The big picture today: plenty of warm sunshine for many of us. For north east England, London and the home counties and nearby, the word is pleasantly warm. A quick heads-up: a lovely day to get outside if you can. By mid-afternoon we're looking at about 20 degrees in Wales. Stepping back, the month as a whole has been close to average, warm nights, wet in the southeast. One day's weather is just that, of course, but the pattern's telling. Right, that's me done. Look after yourselves out there."
2021-06-08,BBCNEWS_20210608_183000_Weather_World,"Hello, lovely to have your company on Weather World. I'm Sarah — and it's Tuesday the 08th of June. Overall, expect a mix of sunshine and fair-weather cloud across much of the country. Across London and the home counties and East Anglia it'll feel mild and comfortable. I'll be honest, the forecast computers and I had words about this one. By mid-afternoon we're looking at about 18 degrees in north west England. After dark it dips to around 11 degrees, fresher in rural spots. Stepping back, the month as a whole has been close to average, warm nights, wet in the southeast. Worth keeping an eye on as the summer unfolds. That's the latest picture — do wrap up or cool down as needed. Bye for now."
2021-06-09,BBCNEWS_20210609_183000_Weather_World,"Well hello there, and a very good evening to you. I'm Carol. It's Wednesday the 09th of June, so let's see what's in store across the UK. Whatever you've got planned, it's worth a glance out the window first. The broad story is rather a lot of cloud around, pretty much wherever you are. My garden's certainly not complaining about this one. For Wales, the south west and nearby, the word is on the cool side for the time of year. A quick heads-up: you might want a light jacket first thing. Temperatures peaking near 14 degrees, warmest across East Anglia. Looking at the bigger trend, this June has been close to average, warm nights, wet in the southeast. And that's showing up in the day-to-day numbers. Right, that's me done. Look after yourselves out there."
2021-06-10,BBCNEWS_20210610_183000_Weather_World,"Evening all — right, let's get stuck into the forecast. I'm Nina. It's Thursday the 10th of June, so let's see what's in store across the UK. Let's start with the headline — plenty of warm sunshine dominating the scene. Across Northern Ireland and the Midlands it'll feel pleasantly warm. Into the afternoon, East Anglia sees much the same, with highs around 20 degrees. And in the wider context — June so far: close to average, warm nights, wet in the southeast. And that's showing up in the day-to-day numbers. My garden's certainly not complaining about this one. I'll hand you back to the studio — see you next time."
2021-06-11,BBCNEWS_20210611_183000_Weather_World,"Hi there, and welcome along to Weather World. I'm Sarah. Coming up to Friday the 11th of June — here's how the next 24 hours are shaping up. The broad story is thicker cloud and spells of rain, pretty much wherever you are. Across Northern Ireland and London and the home counties it'll feel damp and rather grey. The rain turning heavy at times, so allow extra time on the roads. Top temperatures today around 14, give or take, depending where you are. After dark it dips to around 6 degrees, fresher in rural spots. A fairly typical British summer's day, in other words — a bit of everything. Looking at the bigger trend, this June has been close to average, warm nights, wet in the southeast. I'll leave you there. Thanks for watching Weather World."
2021-06-12,BBCNEWS_20210612_183000_Weather_World,"Hello and a very warm welcome to Weather World. I'm Tomasz. Coming up to Saturday the 12th of June — here's how the next 24 hours are shaping up. The big picture today: a mix of sunshine and fair-weather cloud for many of us. I'll be honest, the forecast computers and I had words about this one. If you're in the south east or over towards Wales, expect it to feel mild and comfortable. Nothing too dramatic on the charts today. Temperatures peaking near 16 degrees, warmest across the south west. After dark it dips to around 9 degrees, fresher in rural spots. And in the wider context — June so far: close to average, warm nights, wet in the southeast. And that's showing up in the day-to-day numbers. I'll leave you there. Thanks for watching Weather World."
2021-06-13,BBCNEWS_20210613_183000_Weather_World,"Hiya, welcome to Weather World, grab a cuppa and settle in. I'm Tomasz. Well, it's Sunday the 13th of June, and there's a fair bit going on out there. Overall, expect sunshine and scattered showers across much of the country. Across the south east and London and the home counties it'll feel changeable, warm in the brighter spells. My garden's certainly not complaining about this one. A quick heads-up: keep a brolly handy, the showers are hit and miss. By mid-afternoon we're looking at about 17 degrees in the Midlands. Overnight, lows of about 9 degrees in towns and cities, a touch cooler in the countryside. Looking at the bigger trend, this June has been close to average, warm nights, wet in the southeast. And that's showing up in the day-to-day numbers. Right, that's me done. Look after yourselves out there."
2021-06-14,BBCNEWS_20210614_183000_Weather_World,"Welcome back to Weather World — plenty to talk about today. I'm Sarah — and it's Monday the 14th of June. My garden's certainly not complaining about this one. Whatever you've got planned, it's worth a glance out the window first. Overall, expect plenty of warm sunshine across much of the country. For Wales, London and the home counties and nearby, the word is pleasantly warm. Worth knowing — a lovely day to get outside if you can. By mid-afternoon we're looking at about 20 degrees in north east England. After dark it dips to around 12 degrees, fresher in rural spots. Looking at the bigger trend, this June has been close to average, warm nights, wet in the southeast. And that's showing up in the day-to-day numbers. That's the shape of things. Whatever the sky throws at you, make the best of it."
2021-06-15,BBCNEWS_20210615_183000_Weather_World,"Welcome back to Weather World — plenty to talk about today. I'm Matt. Coming up to Tuesday the 15th of June — here's how the next 24 hours are shaping up. The big picture today: rather a lot of cloud around for many of us. For Wales, the south west and nearby, the word is on the cool side for the time of year. Worth knowing — you might want a light jacket first thing. Top temperatures today around 15, give or take, depending where you are. Not exactly flaming June, is it? Pop a jumper on. Looking at the bigger trend, this June has been close to average, warm nights, wet in the southeast. That's all from me — take care, and I'll see you next time."
2021-06-16,BBCNEWS_20210616_183000_Weather_World,"Evening all — right, let's get stuck into the forecast. I'm Tomasz — and it's Wednesday the 16th of June. I'll be honest, the forecast computers and I had words about this one. The big picture today: plenty of warm sunshine for many of us. The midlands and Northern Ireland get the brunt of it — pleasantly warm. A quick heads-up: a lovely day to get outside if you can. By mid-afternoon we're looking at about 20 degrees in the Highlands. After dark it dips to around 11 degrees, fresher in rural spots. Stepping back, the month as a whole has been close to average, warm nights, wet in the southeast. And that's showing up in the day-to-day numbers. My garden's certainly not complaining about this one. And on that note, I'll say cheerio. Back again soon."
2021-06-17,BBCNEWS_20210617_183000_Weather_World,"Welcome back to Weather World — plenty to talk about today. I'm Tomasz. Thursday the 17th of June, and the charts are looking interesting. The big picture today: a mix of sunshine and fair-weather cloud for many of us. Northern ireland and London and the home counties get the brunt of it — mild and comfortable. Nothing too dramatic on the charts today. Into the afternoon, southern Scotland sees much the same, with highs around 17 degrees. I'll be honest, the forecast computers and I had words about this one. Tonight, down to roughly 9 degrees — a chilly one for June. Looking at the bigger trend, this June has been close to average, warm nights, wet in the southeast. Worth keeping an eye on as the summer unfolds. I'll leave you there. Thanks for watching Weather World."
2021-06-18,BBCNEWS_20210618_183000_Weather_World,"Hello and a very warm welcome to Weather World. I'm Carol — and it's Friday the 18th of June. Overall, expect sunshine and scattered showers across much of the country. If you're in Wales or over towards southern Scotland, expect it to feel changeable, warm in the brighter spells. Spare a thought for anyone who's just washed the car. The brollies are going to be earning their keep. Into the afternoon, London and the home counties sees much the same, with highs around 17 degrees. Stepping back, the month as a whole has been close to average, warm nights, wet in the southeast. I'll leave you there. Thanks for watching Weather World."
2021-06-19,BBCNEWS_20210619_183000_Weather_World,"Welcome back to Weather World — plenty to talk about today. I'm Owain. Saturday the 19th of June, and the charts are looking interesting. Let's start with the headline — a mix of sunshine and fair-weather cloud dominating the scene. Whatever you've got planned, it's worth a glance out the window first. Across north west England and the south west it'll feel mild and comfortable. If you've got the barbecue on standby, today might just be your day. A quick heads-up: nothing too dramatic on the charts today. Temperatures peaking near 17 degrees, warmest across London and the home counties. Overnight, lows of about 10 degrees in towns and cities, a touch cooler in the countryside. Looking at the bigger trend, this June has been close to average, warm nights, wet in the southeast. Right, that's me done. Look after yourselves out there."
2021-06-20,BBCNEWS_20210620_183000_Weather_World,"Hello, lovely to have your company on Weather World. I'm Matt. Coming up to Sunday the 20th of June — here's how the next 24 hours are shaping up. Whatever you've got planned, it's worth a glance out the window first. The big picture today: plenty of warm sunshine for many of us. Southern scotland and north west England get the brunt of it — pleasantly warm. A quick heads-up: a lovely day to get outside if you can. Temperatures peaking near 18 degrees, warmest across the south east. After dark it dips to around 12 degrees, fresher in rural spots. And in the wider context — June so far: close to average, warm nights, wet in the southeast. I'll leave you there. Thanks for watching Weather World."
2021-06-21,BBCNEWS_20210621_183000_Weather_World,"Hello and a very warm welcome to Weather World. I'm Sarah. Well, it's Monday the 21st of June, and there's a fair bit going on out there. Let's start with the headline — thicker cloud and spells of rain dominating the scene. If you're in north east England or over towards London and the home counties, expect it to feel damp and rather grey. The rain turning heavy at times, so allow extra time on the roads. Temperatures peaking near 13 degrees, warmest across the Midlands. Tonight, down to roughly 7 degrees — a chilly one for June. Looking at the bigger trend, this June has been close to average, warm nights, wet in the southeast. I know, I know — not what you wanted to hear on a weekend. And that's showing up in the day-to-day numbers. I'll hand you back to the studio — see you next time."
2021-06-22,BBCNEWS_20210622_183000_Weather_World,"Hi there, and welcome along to Weather World. I'm Tomasz. Tuesday the 22nd of June, and the charts are looking interesting. The broad story is rather a lot of cloud around, pretty much wherever you are. If you're in London and the home counties or over towards north west England, expect it to feel on the cool side for the time of year. You might want a light jacket first thing. Top temperatures today around 15, give or take, depending where you are. If you'd told me to pack a scarf for June, I'd have laughed — yet here we are. After dark it dips to around 8 degrees, fresher in rural spots. I'd keep the heating within easy reach, I won't lie. And in the wider context — June so far: close to average, warm nights, wet in the southeast. And on that note, I'll say cheerio. Back again soon."
2021-06-23,BBCNEWS_20210623_183000_Weather_World,"Hi there, and welcome along to Weather World. I'm Owain — and it's Wednesday the 23rd of June. Let's start with the headline — heavy, thundery downpours breaking out dominating the scene. I'll be honest, the forecast computers and I had words about this one. The ice cream van's going to be doing a roaring trade, that's for sure. If you're in Northern Ireland or over towards East Anglia, expect it to feel warm and very humid ahead of the storms. Into the afternoon, the south west sees much the same, with highs around 19 degrees. And in the wider context — June so far: close to average, warm nights, wet in the southeast. I'll hand you back to the studio — see you next time."
2021-06-24,BBCNEWS_20210624_183000_Weather_World,"Hello, lovely to have your company on Weather World. I'm Owain. It's Thursday the 24th of June, so let's see what's in store across the UK. The broad story is a mix of sunshine and fair-weather cloud, pretty much wherever you are. Whatever you've got planned, it's worth a glance out the window first. The south west and London and the home counties get the brunt of it — mild and comfortable. Top temperatures today around 18, give or take, depending where you are. Stepping back, the month as a whole has been close to average, warm nights, wet in the southeast. And that's your lot for now. Whatever you're up to, enjoy it."
2021-06-25,BBCNEWS_20210625_183000_Weather_World,"Evening all — right, let's get stuck into the forecast. I'm Sarah. Coming up to Friday the 25th of June — here's how the next 24 hours are shaping up. Hay fever sufferers, I'm afraid the pollen count is going to be a nuisance. Overall, expect a mix of sunshine and fair-weather cloud across much of the country. London and the home counties and the south east get the brunt of it — mild and comfortable. Nothing too dramatic on the charts today. Temperatures peaking near 18 degrees, warmest across the Midlands. Overnight, lows of about 11 degrees in towns and cities, a touch cooler in the countryside. Stepping back, the month as a whole has been close to average, warm nights, wet in the southeast. And on that note, I'll say cheerio. Back again soon."
2021-06-26,BBCNEWS_20210626_183000_Weather_World,"Hiya, welcome to Weather World, grab a cuppa and settle in. I'm Nina. Coming up to Saturday the 26th of June — here's how the next 24 hours are shaping up. The big picture today: rather a lot of cloud around for many of us. Hay fever sufferers, I'm afraid the pollen count is going to be a nuisance. North west england and London and the home counties get the brunt of it — on the cool side for the time of year. You might want a light jacket first thing. Temperatures peaking near 13 degrees, warmest across southern Scotland. Tonight, down to roughly 6 degrees — a chilly one for June. And in the wider context — June so far: close to average, warm nights, wet in the southeast. Worth keeping an eye on as the summer unfolds. If you'd told me to pack a scarf for June, I'd have laughed — yet here we are. And that's your lot for now. Whatever you're up to, enjoy it."
2021-06-27,BBCNEWS_20210627_183000_Weather_World,"Hi there, and welcome along to Weather World. I'm Tomasz. Coming up to Sunday the 27th of June — here's how the next 24 hours are shaping up. Let's start with the headline — sunshine and scattered showers dominating the scene. North east england and the Midlands get the brunt of it — changeable, warm in the brighter spells. My garden's certainly not complaining about this one. By mid-afternoon we're looking at about 17 degrees in East Anglia. Whatever you've got planned, it's worth a glance out the window first. Looking at the bigger trend, this June has been close to average, warm nights, wet in the southeast. That's the latest picture — do wrap up or cool down as needed. Bye for now."
2021-06-28,BBCNEWS_20210628_183000_Weather_World,"Evening all — right, let's get stuck into the forecast. I'm Matt — and it's Monday the 28th of June. Let's start with the headline — a mix of sunshine and fair-weather cloud dominating the scene. East anglia and the Midlands get the brunt of it — mild and comfortable. If you've got the barbecue on standby, today might just be your day. Nothing too dramatic on the charts today. My garden's certainly not complaining about this one. Top temperatures today around 18, give or take, depending where you are. After dark it dips to around 10 degrees, fresher in rural spots. Stepping back, the month as a whole has been close to average, warm nights, wet in the southeast. And that's showing up in the day-to-day numbers. That's the latest picture — do wrap up or cool down as needed. Bye for now."
2021-06-29,BBCNEWS_20210629_183000_Weather_World,"Welcome back to Weather World — plenty to talk about today. I'm Owain. It's Tuesday the 29th of June, so let's see what's in store across the UK. Let's start with the headline — strong sunshine and clear blue skies dominating the scene. If you're in Northern Ireland or over towards north east England, expect it to feel hot and increasingly uncomfortable in the strong June sun. Worth knowing — UV levels will be high to very high, so do take care out there. Temperatures peaking near 24 degrees, warmest across the south east. I'll be honest, the forecast computers and I had words about this one. Tonight, down to roughly 16 degrees — a muggy one. Stepping back, the month as a whole has been close to average, warm nights, wet in the southeast. One day's weather is just that, of course, but the pattern's telling. I'll leave you there. Thanks for watching Weather World."
2021-06-30,BBCNEWS_20210630_183000_Weather_World,"Hello and a very warm welcome to Weather World. I'm Sarah. Wednesday the 30th of June, and the charts are looking interesting. The big picture today: sunshine and scattered showers for many of us. North east england and the south west get the brunt of it — changeable, warm in the brighter spells. Into the afternoon, Northern Ireland sees much the same, with highs around 16 degrees. Overnight, lows of about 10 degrees in towns and cities, a touch cooler in the countryside. The brollies are going to be earning their keep. Stepping back, the month as a whole has been close to average, warm nights, wet in the southeast. And that's showing up in the day-to-day numbers. That's the latest picture — do wrap up or cool down as needed. Bye for now."
2022-06-01,BBCNEWS_20220601_183000_Weather_World,"Hiya, welcome to Weather World, grab a cuppa and settle in. I'm Carol. Wednesday the 01st of June, and the charts are looking interesting. The broad story is plenty of warm sunshine, pretty much wherever you are. If you're in the south west or over towards Wales, expect it to feel pleasantly warm. Hay fever sufferers, I'm afraid the pollen count is going to be a nuisance. A lovely day to get outside if you can. By mid-afternoon we're looking at about 20 degrees in London and the home counties. Looking at the bigger trend, this June has been warm overall with a short, sharp mid-month heatwave. Whatever you've got planned, it's worth a glance out the window first. And that's showing up in the day-to-day numbers. That's all from me — take care, and I'll see you next time."
2022-06-02,BBCNEWS_20220602_183000_Weather_World,"Hiya, welcome to Weather World, grab a cuppa and settle in. I'm Matt — and it's Thursday the 02nd of June. Overall, expect rather a lot of cloud around across much of the country. East anglia and the south east get the brunt of it — on the cool side for the time of year. You might want a light jacket first thing. If you'd told me to pack a scarf for June, I'd have laughed — yet here we are. By mid-afternoon we're looking at about 15 degrees in Wales. After dark it dips to around 7 degrees, fresher in rural spots. Stepping back, the month as a whole has been warm overall with a short, sharp mid-month heatwave. And on that note, I'll say cheerio. Back again soon."
2022-06-03,BBCNEWS_20220603_183000_Weather_World,"Well hello there, and a very good evening to you. I'm Owain. Friday the 03rd of June, and the charts are looking interesting. The broad story is sunshine and scattered showers, pretty much wherever you are. The highlands and Northern Ireland get the brunt of it — changeable, warm in the brighter spells. If the washing's out, you might want a quick rescue mission. Worth knowing — keep a brolly handy, the showers are hit and miss. Temperatures peaking near 17 degrees, warmest across the south west. Overnight, lows of about 10 degrees in towns and cities, a touch cooler in the countryside. Looking at the bigger trend, this June has been warm overall with a short, sharp mid-month heatwave. One day's weather is just that, of course, but the pattern's telling. And that's your lot for now. Whatever you're up to, enjoy it."
2022-06-04,BBCNEWS_20220604_183000_Weather_World,"Evening all — right, let's get stuck into the forecast. I'm Matt — and it's Saturday the 04th of June. The broad story is thicker cloud and spells of rain, pretty much wherever you are. Across north west England and the Highlands it'll feel damp and rather grey. The rain turning heavy at times, so allow extra time on the roads. Temperatures peaking near 16 degrees, warmest across Wales. Tonight, down to roughly 7 degrees — a chilly one for June. Stepping back, the month as a whole has been warm overall with a short, sharp mid-month heatwave. My garden's certainly not complaining about this one. And on that note, I'll say cheerio. Back again soon."
2022-06-05,BBCNEWS_20220605_183000_Weather_World,"Hiya, welcome to Weather World, grab a cuppa and settle in. I'm Owain. Well, it's Sunday the 05th of June, and there's a fair bit going on out there. The big picture today: strong sunshine and clear blue skies for many of us. I'll be honest, the forecast computers and I had words about this one. The midlands and the south east get the brunt of it — hot and increasingly uncomfortable in the strong June sun. Temperatures peaking near 24 degrees, warmest across north west England. Tonight, down to roughly 17 degrees — a muggy one. Honestly, it's the kind of day that makes you forget this is Britain. Stepping back, the month as a whole has been warm overall with a short, sharp mid-month heatwave. I'll hand you back to the studio — see you next time."
2022-06-06,BBCNEWS_20220606_183000_Weather_World,"Hello, lovely to have your company on Weather World. I'm Nina. Monday the 06th of June, and the charts are looking interesting. I'll be honest, the forecast computers and I had words about this one. Let's start with the headline — a mix of sunshine and fair-weather cloud dominating the scene. For north west England, the south east and nearby, the word is mild and comfortable. Nothing too dramatic on the charts today. Top temperatures today around 17, give or take, depending where you are. After dark it dips to around 8 degrees, fresher in rural spots. Stepping back, the month as a whole has been warm overall with a short, sharp mid-month heatwave. One day's weather is just that, of course, but the pattern's telling. That's all from me — take care, and I'll see you next time."
2022-06-07,BBCNEWS_20220607_183000_Weather_World,"Well hello there, and a very good evening to you. I'm Tomasz. It's Tuesday the 07th of June, so let's see what's in store across the UK. Honestly, it's the kind of day that makes you forget this is Britain. The big picture today: heavy, thundery downpours breaking out for many of us. East anglia and the Highlands get the brunt of it — warm and very humid ahead of the storms. Hay fever sufferers, I'm afraid the pollen count is going to be a nuisance. Temperatures peaking near 20 degrees, warmest across London and the home counties. Tonight, down to roughly 11 degrees — a chilly one for June. Stepping back, the month as a whole has been warm overall with a short, sharp mid-month heatwave. Right, that's me done. Look after yourselves out there."
2022-06-08,BBCNEWS_20220608_183000_Weather_World,"Hello and a very warm welcome to Weather World. I'm Nina. Coming up to Wednesday the 08th of June — here's how the next 24 hours are shaping up. Let's start with the headline — strong sunshine and clear blue skies dominating the scene. If you're in the south east or over towards the Midlands, expect it to feel hot and increasingly uncomfortable in the strong June sun. Uv levels will be high to very high, so do take care out there. Top temperatures today around 22, give or take, depending where you are. And in the wider context — June so far: warm overall with a short, sharp mid-month heatwave. Worth keeping an eye on as the summer unfolds. Spare a thought for anyone stuck on a stuffy commute in this. My garden's certainly not complaining about this one. I'll hand you back to the studio — see you next time."
2022-06-09,BBCNEWS_20220609_183000_Weather_World,"Welcome back to Weather World — plenty to talk about today. I'm Owain. It's Thursday the 09th of June, so let's see what's in store across the UK. I'll be honest, the forecast computers and I had words about this one. Let's start with the headline — a mix of sunshine and fair-weather cloud dominating the scene. East anglia and the Highlands get the brunt of it — mild and comfortable. Top temperatures today around 17, give or take, depending where you are. Tonight, down to roughly 10 degrees — a chilly one for June. And in the wider context — June so far: warm overall with a short, sharp mid-month heatwave. Worth keeping an eye on as the summer unfolds. I'll leave you there. Thanks for watching Weather World."
2022-06-10,BBCNEWS_20220610_183000_Weather_World,"Evening all — right, let's get stuck into the forecast. I'm Sarah. Well, it's Friday the 10th of June, and there's a fair bit going on out there. The big picture today: strong sunshine and clear blue skies for many of us. Wales and the Highlands get the brunt of it — hot and increasingly uncomfortable in the strong June sun. Find some shade, keep the water topped up, and don't forget the suncream. By mid-afternoon we're looking at about 23 degrees in East Anglia. And in the wider context — June so far: warm overall with a short, sharp mid-month heatwave. Worth keeping an eye on as the summer unfolds. Right, that's me done. Look after yourselves out there."
2022-06-11,BBCNEWS_20220611_183000_Weather_World,"Hello, lovely to have your company on Weather World. I'm Tomasz. Saturday the 11th of June, and the charts are looking interesting. Let's start with the headline — heavy, thundery downpours breaking out dominating the scene. My garden's certainly not complaining about this one. London and the home counties and Wales get the brunt of it — warm and very humid ahead of the storms. Top temperatures today around 21, give or take, depending where you are. Looking at the bigger trend, this June has been warm overall with a short, sharp mid-month heatwave. I'll leave you there. Thanks for watching Weather World."
2022-06-12,BBCNEWS_20220612_183000_Weather_World,"Well hello there, and a very good evening to you. I'm Owain — and it's Sunday the 12th of June. The broad story is sunshine and scattered showers, pretty much wherever you are. For East Anglia, the Highlands and nearby, the word is changeable, warm in the brighter spells. Worth knowing — keep a brolly handy, the showers are hit and miss. By mid-afternoon we're looking at about 16 degrees in London and the home counties. Overnight, lows of about 10 degrees in towns and cities, a touch cooler in the countryside. The brollies are going to be earning their keep. And in the wider context — June so far: warm overall with a short, sharp mid-month heatwave. Spare a thought for anyone who's just washed the car. That's the latest picture — do wrap up or cool down as needed. Bye for now."
2022-06-13,BBCNEWS_20220613_183000_Weather_World,"Evening all — right, let's get stuck into the forecast. I'm Sarah. Coming up to Monday the 13th of June — here's how the next 24 hours are shaping up. Let's start with the headline — heavy, thundery downpours breaking out dominating the scene. For the south west, East Anglia and nearby, the word is warm and very humid ahead of the storms. Temperatures peaking near 18 degrees, warmest across the south east. Spare a thought for anyone stuck on a stuffy commute in this. Overnight, lows of about 12 degrees in towns and cities, a touch cooler in the countryside. Looking at the bigger trend, this June has been warm overall with a short, sharp mid-month heatwave. And that's showing up in the day-to-day numbers. Right, that's me done. Look after yourselves out there."
2022-06-14,BBCNEWS_20220614_183000_Weather_World,"Good evening, and thanks for joining me on Weather World. I'm Owain — and it's Tuesday the 14th of June. Let's start with the headline — a mix of sunshine and fair-weather cloud dominating the scene. Wales and London and the home counties get the brunt of it — mild and comfortable. Top temperatures today around 18, give or take, depending where you are. Overnight, lows of about 10 degrees in towns and cities, a touch cooler in the countryside. Looking at the bigger trend, this June has been warm overall with a short, sharp mid-month heatwave. And that's showing up in the day-to-day numbers. Hay fever sufferers, I'm afraid the pollen count is going to be a nuisance. And that's your lot for now. Whatever you're up to, enjoy it."
2022-06-15,BBCNEWS_20220615_183000_Weather_World,"Hello and a very warm welcome to Weather World. I'm Matt. Well, it's Wednesday the 15th of June, and there's a fair bit going on out there. The big picture today: heavy, thundery downpours breaking out for many of us. If you've got the barbecue on standby, today might just be your day. Across East Anglia and Northern Ireland it'll feel warm and very humid ahead of the storms. Some of these thunderstorms could bring localised flooding and frequent lightning. Temperatures peaking near 21 degrees, warmest across north west England. Looking at the bigger trend, this June has been warm overall with a short, sharp mid-month heatwave. Worth keeping an eye on as the summer unfolds. That's the shape of things. Whatever the sky throws at you, make the best of it."
2022-06-16,BBCNEWS_20220616_183000_Weather_World,"Hello and a very warm welcome to Weather World. I'm Carol — and it's Thursday the 16th of June. Let's start with the headline — strong sunshine and clear blue skies dominating the scene. For London and the home counties, Wales and nearby, the word is hot and increasingly uncomfortable in the strong June sun. Top temperatures today around 22, give or take, depending where you are. Tonight, down to roughly 15 degrees — a muggy one. Looking at the bigger trend, this June has been warm overall with a short, sharp mid-month heatwave. Whatever you've got planned, it's worth a glance out the window first. That's all from me — take care, and I'll see you next time."
2022-06-17,BBCNEWS_20220617_183000_Weather_World,"Well hello there, and a very good evening to you. I'm Carol — and it's Friday the 17th of June. The broad story is strong sunshine and clear blue skies, pretty much wherever you are. Across the south west and Northern Ireland it'll feel hot and increasingly uncomfortable in the strong June sun. Uv levels will be high to very high, so do take care out there. I'll be honest, the forecast computers and I had words about this one. Into the afternoon, East Anglia sees much the same, with highs around 24 degrees. Overnight, lows of about 16 degrees in towns and cities, a touch cooler in the countryside. Looking at the bigger trend, this June has been warm overall with a short, sharp mid-month heatwave. That's the latest picture — do wrap up or cool down as needed. Bye for now."
2022-06-18,BBCNEWS_20220618_183000_Weather_World,"Welcome back to Weather World — plenty to talk about today. I'm Nina. Well, it's Saturday the 18th of June, and there's a fair bit going on out there. Spare a thought for anyone stuck on a stuffy commute in this. The big picture today: strong sunshine and clear blue skies for many of us. If you're in the Highlands or over towards Wales, expect it to feel hot and increasingly uncomfortable in the strong June sun. Top temperatures today around 23, give or take, depending where you are. After dark it dips to around 17 degrees, fresher in rural spots. Honestly, it's the kind of day that makes you forget this is Britain. And in the wider context — June so far: warm overall with a short, sharp mid-month heatwave. Right, that's me done. Look after yourselves out there."
2022-06-19,BBCNEWS_20220619_183000_Weather_World,"Good evening, and thanks for joining me on Weather World. I'm Carol. Well, it's Sunday the 19th of June, and there's a fair bit going on out there. Overall, expect plenty of warm sunshine across much of the country. Across north west England and London and the home counties it'll feel pleasantly warm. Worth knowing — a lovely day to get outside if you can. Into the afternoon, Northern Ireland sees much the same, with highs around 20 degrees. Tonight, down to roughly 14 degrees — a muggy one. And in the wider context — June so far: warm overall with a short, sharp mid-month heatwave. My garden's certainly not complaining about this one. That's the shape of things. Whatever the sky throws at you, make the best of it."
2022-06-20,BBCNEWS_20220620_183000_Weather_World,"Welcome back to Weather World — plenty to talk about today. I'm Nina. It's Monday the 20th of June, so let's see what's in store across the UK. The broad story is a mix of sunshine and fair-weather cloud, pretty much wherever you are. My garden's certainly not complaining about this one. For Northern Ireland, Wales and nearby, the word is mild and comfortable. If you've got the barbecue on standby, today might just be your day. Into the afternoon, the south east sees much the same, with highs around 19 degrees. Overnight, lows of about 11 degrees in towns and cities, a touch cooler in the countryside. And in the wider context — June so far: warm overall with a short, sharp mid-month heatwave. One day's weather is just that, of course, but the pattern's telling. I'll leave you there. Thanks for watching Weather World."
2022-06-21,BBCNEWS_20220621_183000_Weather_World,"Evening all — right, let's get stuck into the forecast. I'm Tomasz — and it's Tuesday the 21st of June. Overall, expect sunshine and scattered showers across much of the country. Northern ireland and southern Scotland get the brunt of it — changeable, warm in the brighter spells. Keep a brolly handy, the showers are hit and miss. Into the afternoon, the south west sees much the same, with highs around 17 degrees. If the washing's out, you might want a quick rescue mission. A fairly typical British summer's day, in other words — a bit of everything. After dark it dips to around 10 degrees, fresher in rural spots. And in the wider context — June so far: warm overall with a short, sharp mid-month heatwave. And that's showing up in the day-to-day numbers. Right, that's me done. Look after yourselves out there."
2022-06-22,BBCNEWS_20220622_183000_Weather_World,"Hiya, welcome to Weather World, grab a cuppa and settle in. I'm Sarah. Wednesday the 22nd of June, and the charts are looking interesting. I know, I know — not what you wanted to hear on a weekend. Overall, expect sunshine and scattered showers across much of the country. For Wales, southern Scotland and nearby, the word is changeable, warm in the brighter spells. A quick heads-up: keep a brolly handy, the showers are hit and miss. Into the afternoon, the south east sees much the same, with highs around 17 degrees. Overnight, lows of about 8 degrees in towns and cities, a touch cooler in the countryside. And in the wider context — June so far: warm overall with a short, sharp mid-month heatwave. And that's showing up in the day-to-day numbers. And that's your lot for now. Whatever you're up to, enjoy it."
2022-06-23,BBCNEWS_20220623_183000_Weather_World,"Good evening, and thanks for joining me on Weather World. I'm Sarah. Coming up to Thursday the 23rd of June — here's how the next 24 hours are shaping up. Overall, expect a mix of sunshine and fair-weather cloud across much of the country. The midlands and north east England get the brunt of it — mild and comfortable. A quick heads-up: nothing too dramatic on the charts today. Top temperatures today around 17, give or take, depending where you are. Hay fever sufferers, I'm afraid the pollen count is going to be a nuisance. Overnight, lows of about 8 degrees in towns and cities, a touch cooler in the countryside. Stepping back, the month as a whole has been warm overall with a short, sharp mid-month heatwave. Worth keeping an eye on as the summer unfolds. That's all from me — take care, and I'll see you next time."
2022-06-24,BBCNEWS_20220624_183000_Weather_World,"Well hello there, and a very good evening to you. I'm Nina. Coming up to Friday the 24th of June — here's how the next 24 hours are shaping up. The big picture today: plenty of warm sunshine for many of us. If you're in Wales or over towards the south west, expect it to feel pleasantly warm. Worth knowing — a lovely day to get outside if you can. Temperatures peaking near 21 degrees, warmest across East Anglia. Tonight, down to roughly 14 degrees — a muggy one. I'll be honest, the forecast computers and I had words about this one. Stepping back, the month as a whole has been warm overall with a short, sharp mid-month heatwave. Whatever you've got planned, it's worth a glance out the window first. And that's your lot for now. Whatever you're up to, enjoy it."
2022-06-25,BBCNEWS_20220625_183000_Weather_World,"Well hello there, and a very good evening to you. I'm Owain. Coming up to Saturday the 25th of June — here's how the next 24 hours are shaping up. Overall, expect a mix of sunshine and fair-weather cloud across much of the country. Hay fever sufferers, I'm afraid the pollen count is going to be a nuisance. My garden's certainly not complaining about this one. The midlands and Northern Ireland get the brunt of it — mild and comfortable. Into the afternoon, the south west sees much the same, with highs around 18 degrees. Tonight, down to roughly 12 degrees — a chilly one for June. And in the wider context — June so far: warm overall with a short, sharp mid-month heatwave. Worth keeping an eye on as the summer unfolds. I'll hand you back to the studio — see you next time."
2022-06-26,BBCNEWS_20220626_183000_Weather_World,"Good evening, and thanks for joining me on Weather World. I'm Sarah. It's Sunday the 26th of June, so let's see what's in store across the UK. The broad story is plenty of warm sunshine, pretty much wherever you are. Across the Midlands and north east England it'll feel pleasantly warm. A lovely day to get outside if you can. Top temperatures today around 21, give or take, depending where you are. After dark it dips to around 12 degrees, fresher in rural spots. If you've got the barbecue on standby, today might just be your day. I'll be honest, the forecast computers and I had words about this one. And in the wider context — June so far: warm overall with a short, sharp mid-month heatwave. Worth keeping an eye on as the summer unfolds. That's the shape of things. Whatever the sky throws at you, make the best of it."
2022-06-27,BBCNEWS_20220627_183000_Weather_World,"Hello, lovely to have your company on Weather World. I'm Carol. It's Monday the 27th of June, so let's see what's in store across the UK. Spare a thought for anyone stuck on a stuffy commute in this. The broad story is strong sunshine and clear blue skies, pretty much wherever you are. If you've got the barbecue on standby, today might just be your day. If you're in London and the home counties or over towards the south west, expect it to feel hot and increasingly uncomfortable in the strong June sun. Uv levels will be high to very high, so do take care out there. Into the afternoon, Wales sees much the same, with highs around 23 degrees. Overnight, lows of about 17 degrees in towns and cities, a touch cooler in the countryside. And in the wider context — June so far: warm overall with a short, sharp mid-month heatwave. I'll hand you back to the studio — see you next time."
2022-06-28,BBCNEWS_20220628_183000_Weather_World,"Evening all — right, let's get stuck into the forecast. I'm Nina. Tuesday the 28th of June, and the charts are looking interesting. Overall, expect plenty of warm sunshine across much of the country. Hay fever sufferers, I'm afraid the pollen count is going to be a nuisance. If you're in East Anglia or over towards north west England, expect it to feel pleasantly warm. A lovely day to get outside if you can. Into the afternoon, north east England sees much the same, with highs around 19 degrees. I'll be honest, the forecast computers and I had words about this one. After dark it dips to around 11 degrees, fresher in rural spots. And in the wider context — June so far: warm overall with a short, sharp mid-month heatwave. Worth keeping an eye on as the summer unfolds. And that's your lot for now. Whatever you're up to, enjoy it."
2022-06-29,BBCNEWS_20220629_183000_Weather_World,"Welcome back to Weather World — plenty to talk about today. I'm Nina. It's Wednesday the 29th of June, so let's see what's in store across the UK. The big picture today: sunshine and scattered showers for many of us. For the Midlands, East Anglia and nearby, the word is changeable, warm in the brighter spells. I know, I know — not what you wanted to hear on a weekend. By mid-afternoon we're looking at about 17 degrees in the south west. Hay fever sufferers, I'm afraid the pollen count is going to be a nuisance. Overnight, lows of about 11 degrees in towns and cities, a touch cooler in the countryside. Looking at the bigger trend, this June has been warm overall with a short, sharp mid-month heatwave. And that's showing up in the day-to-day numbers. That's all from me — take care, and I'll see you next time."
2022-06-30,BBCNEWS_20220630_183000_Weather_World,"Hello and a very warm welcome to Weather World. I'm Carol — and it's Thursday the 30th of June. Overall, expect sunshine and scattered showers across much of the country. If you're in London and the home counties or over towards the south west, expect it to feel changeable, warm in the brighter spells. Top temperatures today around 17, give or take, depending where you are. Tonight, down to roughly 11 degrees — a chilly one for June. Looking at the bigger trend, this June has been warm overall with a short, sharp mid-month heatwave. Worth keeping an eye on as the summer unfolds. Spare a thought for anyone who's just washed the car. That's the latest picture — do wrap up or cool down as needed. Bye for now."
2023-06-01,BBCNEWS_20230601_183000_Weather_World,"Well hello there, and a very good evening to you. I'm Nina — and it's Thursday the 01st of June. Let's start with the headline — plenty of warm sunshine dominating the scene. For Northern Ireland, the Highlands and nearby, the word is pleasantly warm. Temperatures peaking near 22 degrees, warmest across north east England. After dark it dips to around 14 degrees, fresher in rural spots. Whatever you've got planned, it's worth a glance out the window first. Looking at the bigger trend, this June has been provisionally the hottest June on record for the UK. I'll leave you there. Thanks for watching Weather World."
2023-06-02,BBCNEWS_20230602_183000_Weather_World,"Hi there, and welcome along to Weather World. I'm Carol. Friday the 02nd of June, and the charts are looking interesting. The big picture today: plenty of warm sunshine for many of us. Across Northern Ireland and the Highlands it'll feel pleasantly warm. A quick heads-up: a lovely day to get outside if you can. Top temperatures today around 21, give or take, depending where you are. And in the wider context — June so far: provisionally the hottest June on record for the UK. I'll be honest, the forecast computers and I had words about this one. I'll hand you back to the studio — see you next time."
2023-06-03,BBCNEWS_20230603_183000_Weather_World,"Welcome back to Weather World — plenty to talk about today. I'm Tomasz. Coming up to Saturday the 03rd of June — here's how the next 24 hours are shaping up. The broad story is heavy, thundery downpours breaking out, pretty much wherever you are. If you've got the barbecue on standby, today might just be your day. Across the south west and London and the home counties it'll feel warm and very humid ahead of the storms. Worth knowing — some of these thunderstorms could bring localised flooding and frequent lightning. Temperatures peaking near 23 degrees, warmest across the Highlands. After dark it dips to around 16 degrees, fresher in rural spots. Looking at the bigger trend, this June has been provisionally the hottest June on record for the UK. That's the latest picture — do wrap up or cool down as needed. Bye for now."
2023-06-04,BBCNEWS_20230604_183000_Weather_World,"Hiya, welcome to Weather World, grab a cuppa and settle in. I'm Carol. Well, it's Sunday the 04th of June, and there's a fair bit going on out there. The broad story is rather a lot of cloud around, pretty much wherever you are. If you're in north east England or over towards Wales, expect it to feel on the cool side for the time of year. You might want a light jacket first thing. By mid-afternoon we're looking at about 17 degrees in north west England. I'd keep the heating within easy reach, I won't lie. Overnight, lows of about 10 degrees in towns and cities, a touch cooler in the countryside. Looking at the bigger trend, this June has been provisionally the hottest June on record for the UK. And on that note, I'll say cheerio. Back again soon."
2023-06-05,BBCNEWS_20230605_183000_Weather_World,"Welcome back to Weather World — plenty to talk about today. I'm Sarah. Well, it's Monday the 05th of June, and there's a fair bit going on out there. The broad story is strong sunshine and clear blue skies, pretty much wherever you are. North west england and East Anglia get the brunt of it — hot and increasingly uncomfortable in the strong June sun. Uv levels will be high to very high, so do take care out there. Temperatures peaking near 25 degrees, warmest across north east England. Tonight, down to roughly 16 degrees — a muggy one. And in the wider context — June so far: provisionally the hottest June on record for the UK. Whatever you've got planned, it's worth a glance out the window first. And that's showing up in the day-to-day numbers. That's the latest picture — do wrap up or cool down as needed. Bye for now."
2023-06-06,BBCNEWS_20230606_183000_Weather_World,"Welcome back to Weather World — plenty to talk about today. I'm Nina. It's Tuesday the 06th of June, so let's see what's in store across the UK. The big picture today: plenty of warm sunshine for many of us. Across Northern Ireland and East Anglia it'll feel pleasantly warm. Hay fever sufferers, I'm afraid the pollen count is going to be a nuisance. A lovely day to get outside if you can. Temperatures peaking near 23 degrees, warmest across the south east. Overnight, lows of about 16 degrees in towns and cities, a touch cooler in the countryside. Looking at the bigger trend, this June has been provisionally the hottest June on record for the UK. And that's your lot for now. Whatever you're up to, enjoy it."
2023-06-07,BBCNEWS_20230607_183000_Weather_World,"Well hello there, and a very good evening to you. I'm Nina. Wednesday the 07th of June, and the charts are looking interesting. Spare a thought for anyone stuck on a stuffy commute in this. The big picture today: strong sunshine and clear blue skies for many of us. The highlands and the Midlands get the brunt of it — hot and increasingly uncomfortable in the strong June sun. Honestly, it's the kind of day that makes you forget this is Britain. Uv levels will be high to very high, so do take care out there. Into the afternoon, the south west sees much the same, with highs around 24 degrees. Overnight, lows of about 16 degrees in towns and cities, a touch cooler in the countryside. And in the wider context — June so far: provisionally the hottest June on record for the UK. And that's showing up in the day-to-day numbers. I'll hand you back to the studio — see you next time."
2023-06-08,BBCNEWS_20230608_183000_Weather_World,"Evening all — right, let's get stuck into the forecast. I'm Tomasz. Coming up to Thursday the 08th of June — here's how the next 24 hours are shaping up. If you've got the barbecue on standby, today might just be your day. Overall, expect plenty of warm sunshine across much of the country. For southern Scotland, Northern Ireland and nearby, the word is pleasantly warm. My garden's certainly not complaining about this one. A lovely day to get outside if you can. By mid-afternoon we're looking at about 21 degrees in the south east. Tonight, down to roughly 13 degrees — a chilly one for June. Looking at the bigger trend, this June has been provisionally the hottest June on record for the UK. And that's showing up in the day-to-day numbers. And on that note, I'll say cheerio. Back again soon."
2023-06-09,BBCNEWS_20230609_183000_Weather_World,"Welcome back to Weather World — plenty to talk about today. I'm Nina. Friday the 09th of June, and the charts are looking interesting. The broad story is strong sunshine and clear blue skies, pretty much wherever you are. If you're in East Anglia or over towards London and the home counties, expect it to feel hot and increasingly uncomfortable in the strong June sun. Top temperatures today around 24, give or take, depending where you are. My garden's certainly not complaining about this one. If you've got the barbecue on standby, today might just be your day. Overnight, lows of about 16 degrees in towns and cities, a touch cooler in the countryside. Stepping back, the month as a whole has been provisionally the hottest June on record for the UK. Worth keeping an eye on as the summer unfolds. That's the shape of things. Whatever the sky throws at you, make the best of it."
2023-06-10,BBCNEWS_20230610_183000_Weather_World,"Evening all — right, let's get stuck into the forecast. I'm Sarah. Well, it's Saturday the 10th of June, and there's a fair bit going on out there. Overall, expect plenty of warm sunshine across much of the country. If you're in Wales or over towards the south west, expect it to feel pleasantly warm. Top temperatures today around 22, give or take, depending where you are. If you've got the barbecue on standby, today might just be your day. After dark it dips to around 14 degrees, fresher in rural spots. Looking at the bigger trend, this June has been provisionally the hottest June on record for the UK. Hay fever sufferers, I'm afraid the pollen count is going to be a nuisance. Worth keeping an eye on as the summer unfolds. That's the shape of things. Whatever the sky throws at you, make the best of it."
2023-06-11,BBCNEWS_20230611_183000_Weather_World,"Well hello there, and a very good evening to you. I'm Owain. Coming up to Sunday the 11th of June — here's how the next 24 hours are shaping up. The big picture today: sunshine and scattered showers for many of us. A fairly typical British summer's day, in other words — a bit of everything. Across Northern Ireland and London and the home counties it'll feel changeable, warm in the brighter spells. A quick heads-up: keep a brolly handy, the showers are hit and miss. By mid-afternoon we're looking at about 18 degrees in East Anglia. Overnight, lows of about 12 degrees in towns and cities, a touch cooler in the countryside. And in the wider context — June so far: provisionally the hottest June on record for the UK. Worth keeping an eye on as the summer unfolds. That's the shape of things. Whatever the sky throws at you, make the best of it."
2023-06-12,BBCNEWS_20230612_183000_Weather_World,"Hello and a very warm welcome to Weather World. I'm Owain. Coming up to Monday the 12th of June — here's how the next 24 hours are shaping up. The big picture today: strong sunshine and clear blue skies for many of us. North east england and north west England get the brunt of it — hot and increasingly uncomfortable in the strong June sun. A quick heads-up: UV levels will be high to very high, so do take care out there. Top temperatures today around 25, give or take, depending where you are. Looking at the bigger trend, this June has been provisionally the hottest June on record for the UK. Hay fever sufferers, I'm afraid the pollen count is going to be a nuisance. One day's weather is just that, of course, but the pattern's telling. That's all from me — take care, and I'll see you next time."
2023-06-13,BBCNEWS_20230613_183000_Weather_World,"Hello and a very warm welcome to Weather World. I'm Carol. Tuesday the 13th of June, and the charts are looking interesting. The broad story is strong sunshine and clear blue skies, pretty much wherever you are. Southern scotland and the south west get the brunt of it — hot and increasingly uncomfortable in the strong June sun. My garden's certainly not complaining about this one. A quick heads-up: UV levels will be high to very high, so do take care out there. Top temperatures today around 25, give or take, depending where you are. After dark it dips to around 17 degrees, fresher in rural spots. Stepping back, the month as a whole has been provisionally the hottest June on record for the UK. Worth keeping an eye on as the summer unfolds. Right, that's me done. Look after yourselves out there."
2023-06-14,BBCNEWS_20230614_183000_Weather_World,"Hiya, welcome to Weather World, grab a cuppa and settle in. I'm Tomasz. Wednesday the 14th of June, and the charts are looking interesting. The big picture today: plenty of warm sunshine for many of us. For Wales, the south east and nearby, the word is pleasantly warm. A quick heads-up: a lovely day to get outside if you can. Into the afternoon, East Anglia sees much the same, with highs around 22 degrees. Whatever you've got planned, it's worth a glance out the window first. After dark it dips to around 16 degrees, fresher in rural spots. Looking at the bigger trend, this June has been provisionally the hottest June on record for the UK. My garden's certainly not complaining about this one. And that's showing up in the day-to-day numbers. Right, that's me done. Look after yourselves out there."
2023-06-15,BBCNEWS_20230615_183000_Weather_World,"Welcome back to Weather World — plenty to talk about today. I'm Sarah — and it's Thursday the 15th of June. Honestly, it's the kind of day that makes you forget this is Britain. Overall, expect strong sunshine and clear blue skies across much of the country. Across southern Scotland and Wales it'll feel hot and increasingly uncomfortable in the strong June sun. A quick heads-up: UV levels will be high to very high, so do take care out there. Temperatures peaking near 26 degrees, warmest across London and the home counties. Tonight, down to roughly 18 degrees — a muggy one. Stepping back, the month as a whole has been provisionally the hottest June on record for the UK. I'll leave you there. Thanks for watching Weather World."
2023-06-16,BBCNEWS_20230616_183000_Weather_World,"Hi there, and welcome along to Weather World. I'm Carol. Coming up to Friday the 16th of June — here's how the next 24 hours are shaping up. Let's start with the headline — plenty of warm sunshine dominating the scene. I'll be honest, the forecast computers and I had words about this one. Wales and southern Scotland get the brunt of it — pleasantly warm. A lovely day to get outside if you can. Into the afternoon, the Highlands sees much the same, with highs around 21 degrees. Overnight, lows of about 13 degrees in towns and cities, a touch cooler in the countryside. Stepping back, the month as a whole has been provisionally the hottest June on record for the UK. Worth keeping an eye on as the summer unfolds. That's the latest picture — do wrap up or cool down as needed. Bye for now."
2023-06-17,BBCNEWS_20230617_183000_Weather_World,"Welcome back to Weather World — plenty to talk about today. I'm Carol. It's Saturday the 17th of June, so let's see what's in store across the UK. The broad story is a mix of sunshine and fair-weather cloud, pretty much wherever you are. For East Anglia, the south east and nearby, the word is mild and comfortable. Worth knowing — nothing too dramatic on the charts today. Temperatures peaking near 21 degrees, warmest across Northern Ireland. Overnight, lows of about 14 degrees in towns and cities, a touch cooler in the countryside. I'll be honest, the forecast computers and I had words about this one. And in the wider context — June so far: provisionally the hottest June on record for the UK. That's the latest picture — do wrap up or cool down as needed. Bye for now."
2023-06-18,BBCNEWS_20230618_183000_Weather_World,"Well hello there, and a very good evening to you. I'm Tomasz. It's Sunday the 18th of June, so let's see what's in store across the UK. The broad story is strong sunshine and clear blue skies, pretty much wherever you are. Across East Anglia and north west England it'll feel hot and increasingly uncomfortable in the strong June sun. By mid-afternoon we're looking at about 26 degrees in north east England. Whatever you've got planned, it's worth a glance out the window first. Tonight, down to roughly 18 degrees — a muggy one. And in the wider context — June so far: provisionally the hottest June on record for the UK. And on that note, I'll say cheerio. Back again soon."
2023-06-19,BBCNEWS_20230619_183000_Weather_World,"Welcome back to Weather World — plenty to talk about today. I'm Carol. Coming up to Monday the 19th of June — here's how the next 24 hours are shaping up. Let's start with the headline — rather a lot of cloud around dominating the scene. Whatever you've got planned, it's worth a glance out the window first. Across southern Scotland and East Anglia it'll feel on the cool side for the time of year. Worth knowing — you might want a light jacket first thing. By mid-afternoon we're looking at about 18 degrees in the Highlands. And in the wider context — June so far: provisionally the hottest June on record for the UK. That's the shape of things. Whatever the sky throws at you, make the best of it."
2023-06-20,BBCNEWS_20230620_183000_Weather_World,"Good evening, and thanks for joining me on Weather World. I'm Owain. It's Tuesday the 20th of June, so let's see what's in store across the UK. The broad story is plenty of warm sunshine, pretty much wherever you are. For north west England, London and the home counties and nearby, the word is pleasantly warm. I'll be honest, the forecast computers and I had words about this one. A quick heads-up: a lovely day to get outside if you can. By mid-afternoon we're looking at about 21 degrees in the south east. Tonight, down to roughly 13 degrees — a chilly one for June. Stepping back, the month as a whole has been provisionally the hottest June on record for the UK. If you've got the barbecue on standby, today might just be your day. And on that note, I'll say cheerio. Back again soon."
2023-06-21,BBCNEWS_20230621_183000_Weather_World,"Welcome back to Weather World — plenty to talk about today. I'm Owain — and it's Wednesday the 21st of June. The broad story is plenty of warm sunshine, pretty much wherever you are. For southern Scotland, the south west and nearby, the word is pleasantly warm. A lovely day to get outside if you can. Top temperatures today around 22, give or take, depending where you are. After dark it dips to around 13 degrees, fresher in rural spots. I'll be honest, the forecast computers and I had words about this one. My garden's certainly not complaining about this one. Stepping back, the month as a whole has been provisionally the hottest June on record for the UK. Worth keeping an eye on as the summer unfolds. That's the latest picture — do wrap up or cool down as needed. Bye for now."
2023-06-22,BBCNEWS_20230622_183000_Weather_World,"Good evening, and thanks for joining me on Weather World. I'm Carol. Thursday the 22nd of June, and the charts are looking interesting. Hay fever sufferers, I'm afraid the pollen count is going to be a nuisance. Let's start with the headline — strong sunshine and clear blue skies dominating the scene. Across London and the home counties and the south west it'll feel hot and increasingly uncomfortable in the strong June sun. Whatever you've got planned, it's worth a glance out the window first. Uv levels will be high to very high, so do take care out there. By mid-afternoon we're looking at about 25 degrees in north east England. Looking at the bigger trend, this June has been provisionally the hottest June on record for the UK. Worth keeping an eye on as the summer unfolds. And that's your lot for now. Whatever you're up to, enjoy it."
2023-06-23,BBCNEWS_20230623_183000_Weather_World,"Hello, lovely to have your company on Weather World. I'm Tomasz — and it's Friday the 23rd of June. Overall, expect strong sunshine and clear blue skies across much of the country. Northern ireland and the Midlands get the brunt of it — hot and increasingly uncomfortable in the strong June sun. Into the afternoon, the south west sees much the same, with highs around 24 degrees. Overnight, lows of about 15 degrees in towns and cities, a touch cooler in the countryside. I'll be honest, the forecast computers and I had words about this one. Stepping back, the month as a whole has been provisionally the hottest June on record for the UK. That's all from me — take care, and I'll see you next time."
2023-06-24,BBCNEWS_20230624_183000_Weather_World,"Hello and a very warm welcome to Weather World. I'm Nina. It's Saturday the 24th of June, so let's see what's in store across the UK. Spare a thought for anyone stuck on a stuffy commute in this. Let's start with the headline — heavy, thundery downpours breaking out dominating the scene. Northern ireland and the Highlands get the brunt of it — warm and very humid ahead of the storms. Worth knowing — some of these thunderstorms could bring localised flooding and frequent lightning. Top temperatures today around 23, give or take, depending where you are. Overnight, lows of about 16 degrees in towns and cities, a touch cooler in the countryside. And in the wider context — June so far: provisionally the hottest June on record for the UK. And on that note, I'll say cheerio. Back again soon."
2023-06-25,BBCNEWS_20230625_183000_Weather_World,"Welcome back to Weather World — plenty to talk about today. I'm Owain. Well, it's Sunday the 25th of June, and there's a fair bit going on out there. The broad story is heavy, thundery downpours breaking out, pretty much wherever you are. Across southern Scotland and London and the home counties it'll feel warm and very humid ahead of the storms. Some of these thunderstorms could bring localised flooding and frequent lightning. Temperatures peaking near 22 degrees, warmest across the Midlands. Overnight, lows of about 14 degrees in towns and cities, a touch cooler in the countryside. Stepping back, the month as a whole has been provisionally the hottest June on record for the UK. My garden's certainly not complaining about this one. And that's showing up in the day-to-day numbers. And that's your lot for now. Whatever you're up to, enjoy it."
2023-06-26,BBCNEWS_20230626_183000_Weather_World,"Hello and a very warm welcome to Weather World. I'm Sarah. It's Monday the 26th of June, so let's see what's in store across the UK. The big picture today: plenty of warm sunshine for many of us. If you're in north west England or over towards Wales, expect it to feel pleasantly warm. A lovely day to get outside if you can. Temperatures peaking near 22 degrees, warmest across the Highlands. After dark it dips to around 13 degrees, fresher in rural spots. Whatever you've got planned, it's worth a glance out the window first. And in the wider context — June so far: provisionally the hottest June on record for the UK. And that's showing up in the day-to-day numbers. I'll leave you there. Thanks for watching Weather World."
2023-06-27,BBCNEWS_20230627_183000_Weather_World,"Good evening, and thanks for joining me on Weather World. I'm Carol — and it's Tuesday the 27th of June. Overall, expect sunshine and scattered showers across much of the country. If you're in East Anglia or over towards Wales, expect it to feel changeable, warm in the brighter spells. Keep a brolly handy, the showers are hit and miss. Into the afternoon, the Highlands sees much the same, with highs around 20 degrees. The brollies are going to be earning their keep. My garden's certainly not complaining about this one. Looking at the bigger trend, this June has been provisionally the hottest June on record for the UK. One day's weather is just that, of course, but the pattern's telling. I'll leave you there. Thanks for watching Weather World."
2023-06-28,BBCNEWS_20230628_183000_Weather_World,"Hello, lovely to have your company on Weather World. I'm Owain — and it's Wednesday the 28th of June. Whatever you've got planned, it's worth a glance out the window first. Overall, expect strong sunshine and clear blue skies across much of the country. Across London and the home counties and Wales it'll feel hot and increasingly uncomfortable in the strong June sun. A quick heads-up: UV levels will be high to very high, so do take care out there. Temperatures peaking near 24 degrees, warmest across Northern Ireland. Overnight, lows of about 18 degrees in towns and cities, a touch cooler in the countryside. Spare a thought for anyone stuck on a stuffy commute in this. Stepping back, the month as a whole has been provisionally the hottest June on record for the UK. And that's showing up in the day-to-day numbers. And on that note, I'll say cheerio. Back again soon."
2023-06-29,BBCNEWS_20230629_183000_Weather_World,"Hiya, welcome to Weather World, grab a cuppa and settle in. I'm Tomasz. Well, it's Thursday the 29th of June, and there's a fair bit going on out there. The broad story is plenty of warm sunshine, pretty much wherever you are. If you're in north east England or over towards Wales, expect it to feel pleasantly warm. I'll be honest, the forecast computers and I had words about this one. A lovely day to get outside if you can. Temperatures peaking near 21 degrees, warmest across the Midlands. Overnight, lows of about 12 degrees in towns and cities, a touch cooler in the countryside. Stepping back, the month as a whole has been provisionally the hottest June on record for the UK. And on that note, I'll say cheerio. Back again soon."
2023-06-30,BBCNEWS_20230630_183000_Weather_World,"Hi there, and welcome along to Weather World. I'm Tomasz — and it's Friday the 30th of June. If you've got the barbecue on standby, today might just be your day. The broad story is strong sunshine and clear blue skies, pretty much wherever you are. If you're in London and the home counties or over towards north west England, expect it to feel hot and increasingly uncomfortable in the strong June sun. Top temperatures today around 24, give or take, depending where you are. After dark it dips to around 16 degrees, fresher in rural spots. And in the wider context — June so far: provisionally the hottest June on record for the UK. And that's showing up in the day-to-day numbers. I'll leave you there. Thanks for watching Weather World."
2024-06-01,BBCNEWS_20240601_183000_Weather_World,"Well hello there, and a very good evening to you. I'm Sarah. Saturday the 01st of June, and the charts are looking interesting. Overall, expect rather a lot of cloud around across much of the country. East anglia and north west England get the brunt of it — on the cool side for the time of year. By mid-afternoon we're looking at about 14 degrees in Wales. Tonight, down to roughly 7 degrees — a chilly one for June. And in the wider context — June so far: a cool, dry and sunny month, chilly in the first half. Not exactly flaming June, is it? Pop a jumper on. Whatever you've got planned, it's worth a glance out the window first. And that's showing up in the day-to-day numbers. Right, that's me done. Look after yourselves out there."
2024-06-02,BBCNEWS_20240602_183000_Weather_World,"Hiya, welcome to Weather World, grab a cuppa and settle in. I'm Carol — and it's Sunday the 02nd of June. Let's start with the headline — sunshine and scattered showers dominating the scene. The south east and the Highlands get the brunt of it — changeable, warm in the brighter spells. Into the afternoon, north west England sees much the same, with highs around 16 degrees. A fairly typical British summer's day, in other words — a bit of everything. My garden's certainly not complaining about this one. Stepping back, the month as a whole has been a cool, dry and sunny month, chilly in the first half. And that's showing up in the day-to-day numbers. I'll hand you back to the studio — see you next time."
2024-06-03,BBCNEWS_20240603_183000_Weather_World,"Welcome back to Weather World — plenty to talk about today. I'm Carol. Coming up to Monday the 03rd of June — here's how the next 24 hours are shaping up. Let's start with the headline — rather a lot of cloud around dominating the scene. If you're in southern Scotland or over towards the south east, expect it to feel on the cool side for the time of year. Worth knowing — you might want a light jacket first thing. Top temperatures today around 15, give or take, depending where you are. Not exactly flaming June, is it? Pop a jumper on. Overnight, lows of about 9 degrees in towns and cities, a touch cooler in the countryside. Looking at the bigger trend, this June has been a cool, dry and sunny month, chilly in the first half. One day's weather is just that, of course, but the pattern's telling. And that's your lot for now. Whatever you're up to, enjoy it."
2024-06-04,BBCNEWS_20240604_183000_Weather_World,"Hi there, and welcome along to Weather World. I'm Carol. Coming up to Tuesday the 04th of June — here's how the next 24 hours are shaping up. The big picture today: a mix of sunshine and fair-weather cloud for many of us. Southern scotland and London and the home counties get the brunt of it — mild and comfortable. Temperatures peaking near 17 degrees, warmest across Wales. After dark it dips to around 8 degrees, fresher in rural spots. Whatever you've got planned, it's worth a glance out the window first. Stepping back, the month as a whole has been a cool, dry and sunny month, chilly in the first half. One day's weather is just that, of course, but the pattern's telling. And that's your lot for now. Whatever you're up to, enjoy it."
2024-06-05,BBCNEWS_20240605_183000_Weather_World,"Well hello there, and a very good evening to you. I'm Nina — and it's Wednesday the 05th of June. The broad story is brisk northerly winds and a good deal of cloud, pretty much wherever you are. If you'd told me to pack a scarf for June, I'd have laughed — yet here we are. The south east and London and the home counties get the brunt of it — noticeably chilly, more like spring than summer. A quick heads-up: that cold Arctic air making it feel raw in the wind. Top temperatures today around 10, give or take, depending where you are. Overnight, lows of about 1 degree in towns and cities, a touch cooler in the countryside. Looking at the bigger trend, this June has been a cool, dry and sunny month, chilly in the first half. Right, that's me done. Look after yourselves out there."
2024-06-06,BBCNEWS_20240606_183000_Weather_World,"Evening all — right, let's get stuck into the forecast. I'm Sarah. Thursday the 06th of June, and the charts are looking interesting. Overall, expect brisk northerly winds and a good deal of cloud across much of the country. The south west and southern Scotland get the brunt of it — noticeably chilly, more like spring than summer. Hay fever sufferers, I'm afraid the pollen count is going to be a nuisance. By mid-afternoon we're looking at about 10 degrees in north west England. Tonight, down to roughly 2 degrees — a chilly one for June. Looking at the bigger trend, this June has been a cool, dry and sunny month, chilly in the first half. And that's showing up in the day-to-day numbers. And that's your lot for now. Whatever you're up to, enjoy it."
2024-06-07,BBCNEWS_20240607_183000_Weather_World,"Hiya, welcome to Weather World, grab a cuppa and settle in. I'm Nina. Well, it's Friday the 07th of June, and there's a fair bit going on out there. The big picture today: rather a lot of cloud around for many of us. I'd keep the heating within easy reach, I won't lie. East anglia and the Highlands get the brunt of it — on the cool side for the time of year. Top temperatures today around 14, give or take, depending where you are. Stepping back, the month as a whole has been a cool, dry and sunny month, chilly in the first half. And that's showing up in the day-to-day numbers. That's the latest picture — do wrap up or cool down as needed. Bye for now."
2024-06-08,BBCNEWS_20240608_183000_Weather_World,"Hiya, welcome to Weather World, grab a cuppa and settle in. I'm Sarah — and it's Saturday the 08th of June. Whatever you've got planned, it's worth a glance out the window first. The big picture today: brisk northerly winds and a good deal of cloud for many of us. Across Northern Ireland and Wales it'll feel noticeably chilly, more like spring than summer. Worth knowing — that cold Arctic air making it feel raw in the wind. Temperatures peaking near 12 degrees, warmest across the south east. Tonight, down to roughly 3 degrees — a chilly one for June. Stepping back, the month as a whole has been a cool, dry and sunny month, chilly in the first half. Worth keeping an eye on as the summer unfolds. I'll leave you there. Thanks for watching Weather World."
2024-06-09,BBCNEWS_20240609_183000_Weather_World,"Hi there, and welcome along to Weather World. I'm Carol. Coming up to Sunday the 09th of June — here's how the next 24 hours are shaping up. Overall, expect a mix of sunshine and fair-weather cloud across much of the country. For Wales, north west England and nearby, the word is mild and comfortable. Nothing too dramatic on the charts today. By mid-afternoon we're looking at about 17 degrees in London and the home counties. After dark it dips to around 8 degrees, fresher in rural spots. Stepping back, the month as a whole has been a cool, dry and sunny month, chilly in the first half. And that's showing up in the day-to-day numbers. I'll be honest, the forecast computers and I had words about this one. That's all from me — take care, and I'll see you next time."
2024-06-10,BBCNEWS_20240610_183000_Weather_World,"Good evening, and thanks for joining me on Weather World. I'm Sarah. It's Monday the 10th of June, so let's see what's in store across the UK. Honestly, I had to dig the big coat back out this morning, in June of all months! The broad story is rather a lot of cloud around, pretty much wherever you are. If you're in Northern Ireland or over towards north west England, expect it to feel on the cool side for the time of year. Worth knowing — you might want a light jacket first thing. Top temperatures today around 13, give or take, depending where you are. Overnight, lows of about 6 degrees in towns and cities, a touch cooler in the countryside. And in the wider context — June so far: a cool, dry and sunny month, chilly in the first half. And that's showing up in the day-to-day numbers. Whatever you've got planned, it's worth a glance out the window first. That's the shape of things. Whatever the sky throws at you, make the best of it."
2024-06-11,BBCNEWS_20240611_183000_Weather_World,"Hello, lovely to have your company on Weather World. I'm Nina. Coming up to Tuesday the 11th of June — here's how the next 24 hours are shaping up. The big picture today: brisk northerly winds and a good deal of cloud for many of us. Across Wales and Northern Ireland it'll feel noticeably chilly, more like spring than summer. Worth knowing — that cold Arctic air making it feel raw in the wind. By mid-afternoon we're looking at about 10 degrees in the Highlands. I'd keep the heating within easy reach, I won't lie. Overnight, lows of about 2 degrees in towns and cities, a touch cooler in the countryside. Looking at the bigger trend, this June has been a cool, dry and sunny month, chilly in the first half. And that's showing up in the day-to-day numbers. And on that note, I'll say cheerio. Back again soon."
2024-06-12,BBCNEWS_20240612_183000_Weather_World,"Well hello there, and a very good evening to you. I'm Matt. Coming up to Wednesday the 12th of June — here's how the next 24 hours are shaping up. The dog walkers among you will know exactly what I mean. The big picture today: brisk northerly winds and a good deal of cloud for many of us. If you're in Wales or over towards the south west, expect it to feel noticeably chilly, more like spring than summer. A quick heads-up: that cold Arctic air making it feel raw in the wind. Top temperatures today around 10, give or take, depending where you are. And in the wider context — June so far: a cool, dry and sunny month, chilly in the first half. Worth keeping an eye on as the summer unfolds. And that's your lot for now. Whatever you're up to, enjoy it."
2024-06-13,BBCNEWS_20240613_183000_Weather_World,"Hi there, and welcome along to Weather World. I'm Sarah — and it's Thursday the 13th of June. Let's start with the headline — brisk northerly winds and a good deal of cloud dominating the scene. For the Highlands, East Anglia and nearby, the word is noticeably chilly, more like spring than summer. That cold arctic air making it feel raw in the wind. Whatever you've got planned, it's worth a glance out the window first. By mid-afternoon we're looking at about 11 degrees in north west England. Tonight, down to roughly 5 degrees — a chilly one for June. And in the wider context — June so far: a cool, dry and sunny month, chilly in the first half. One day's weather is just that, of course, but the pattern's telling. And that's your lot for now. Whatever you're up to, enjoy it."
2024-06-14,BBCNEWS_20240614_183000_Weather_World,"Hiya, welcome to Weather World, grab a cuppa and settle in. I'm Matt. It's Friday the 14th of June, so let's see what's in store across the UK. The big picture today: rather a lot of cloud around for many of us. Across the south east and Northern Ireland it'll feel on the cool side for the time of year. If you'd told me to pack a scarf for June, I'd have laughed — yet here we are. You might want a light jacket first thing. Temperatures peaking near 14 degrees, warmest across the Midlands. Tonight, down to roughly 8 degrees — a chilly one for June. Hay fever sufferers, I'm afraid the pollen count is going to be a nuisance. Looking at the bigger trend, this June has been a cool, dry and sunny month, chilly in the first half. That's the latest picture — do wrap up or cool down as needed. Bye for now."
2024-06-15,BBCNEWS_20240615_183000_Weather_World,"Welcome back to Weather World — plenty to talk about today. I'm Sarah. Saturday the 15th of June, and the charts are looking interesting. Overall, expect thicker cloud and spells of rain across much of the country. Wellies by the door might not be the daftest idea today. Across southern Scotland and north west England it'll feel damp and rather grey. A quick heads-up: the rain turning heavy at times, so allow extra time on the roads. Top temperatures today around 14, give or take, depending where you are. Stepping back, the month as a whole has been a cool, dry and sunny month, chilly in the first half. And on that note, I'll say cheerio. Back again soon."
2024-06-16,BBCNEWS_20240616_183000_Weather_World,"Evening all — right, let's get stuck into the forecast. I'm Matt. Well, it's Sunday the 16th of June, and there's a fair bit going on out there. The big picture today: brisk northerly winds and a good deal of cloud for many of us. If you're in London and the home counties or over towards the south west, expect it to feel noticeably chilly, more like spring than summer. Not exactly flaming June, is it? Pop a jumper on. By mid-afternoon we're looking at about 10 degrees in the south east. And in the wider context — June so far: a cool, dry and sunny month, chilly in the first half. Worth keeping an eye on as the summer unfolds. If you'd told me to pack a scarf for June, I'd have laughed — yet here we are. That's the latest picture — do wrap up or cool down as needed. Bye for now."
2024-06-17,BBCNEWS_20240617_183000_Weather_World,"Welcome back to Weather World — plenty to talk about today. I'm Carol. Monday the 17th of June, and the charts are looking interesting. The big picture today: rather a lot of cloud around for many of us. If you're in the Highlands or over towards Wales, expect it to feel on the cool side for the time of year. A quick heads-up: you might want a light jacket first thing. By mid-afternoon we're looking at about 15 degrees in London and the home counties. Whatever you've got planned, it's worth a glance out the window first. After dark it dips to around 8 degrees, fresher in rural spots. Stepping back, the month as a whole has been a cool, dry and sunny month, chilly in the first half. Worth keeping an eye on as the summer unfolds. And on that note, I'll say cheerio. Back again soon."
2024-06-18,BBCNEWS_20240618_183000_Weather_World,"Well hello there, and a very good evening to you. I'm Tomasz. Tuesday the 18th of June, and the charts are looking interesting. Overall, expect brisk northerly winds and a good deal of cloud across much of the country. For the south west, Wales and nearby, the word is noticeably chilly, more like spring than summer. Worth knowing — that cold Arctic air making it feel raw in the wind. Temperatures peaking near 12 degrees, warmest across southern Scotland. Overnight, lows of about 4 degrees in towns and cities, a touch cooler in the countryside. Stepping back, the month as a whole has been a cool, dry and sunny month, chilly in the first half. Worth keeping an eye on as the summer unfolds. Hay fever sufferers, I'm afraid the pollen count is going to be a nuisance. And that's your lot for now. Whatever you're up to, enjoy it."
2024-06-19,BBCNEWS_20240619_183000_Weather_World,"Well hello there, and a very good evening to you. I'm Sarah. It's Wednesday the 19th of June, so let's see what's in store across the UK. A fairly typical British summer's day, in other words — a bit of everything. The broad story is sunshine and scattered showers, pretty much wherever you are. If you're in the south west or over towards north west England, expect it to feel changeable, warm in the brighter spells. A quick heads-up: keep a brolly handy, the showers are hit and miss. Into the afternoon, north east England sees much the same, with highs around 15 degrees. My garden's certainly not complaining about this one. After dark it dips to around 7 degrees, fresher in rural spots. And in the wider context — June so far: a cool, dry and sunny month, chilly in the first half. And that's showing up in the day-to-day numbers. Right, that's me done. Look after yourselves out there."
2024-06-20,BBCNEWS_20240620_183000_Weather_World,"Hiya, welcome to Weather World, grab a cuppa and settle in. I'm Owain. It's Thursday the 20th of June, so let's see what's in store across the UK. Honestly, I had to dig the big coat back out this morning, in June of all months! Let's start with the headline — brisk northerly winds and a good deal of cloud dominating the scene. Across southern Scotland and north east England it'll feel noticeably chilly, more like spring than summer. Temperatures peaking near 10 degrees, warmest across the Highlands. Tonight, down to roughly 3 degrees — a chilly one for June. And in the wider context — June so far: a cool, dry and sunny month, chilly in the first half. And that's showing up in the day-to-day numbers. I'll hand you back to the studio — see you next time."
2024-06-21,BBCNEWS_20240621_183000_Weather_World,"Hi there, and welcome along to Weather World. I'm Nina — and it's Friday the 21st of June. Let's start with the headline — brisk northerly winds and a good deal of cloud dominating the scene. For the Midlands, the Highlands and nearby, the word is noticeably chilly, more like spring than summer. That cold arctic air making it feel raw in the wind. The dog walkers among you will know exactly what I mean. By mid-afternoon we're looking at about 12 degrees in Northern Ireland. And in the wider context — June so far: a cool, dry and sunny month, chilly in the first half. That's the shape of things. Whatever the sky throws at you, make the best of it."
2024-06-22,BBCNEWS_20240622_183000_Weather_World,"Hiya, welcome to Weather World, grab a cuppa and settle in. I'm Carol. Coming up to Saturday the 22nd of June — here's how the next 24 hours are shaping up. The big picture today: plenty of warm sunshine for many of us. For East Anglia, southern Scotland and nearby, the word is pleasantly warm. Worth knowing — a lovely day to get outside if you can. By mid-afternoon we're looking at about 20 degrees in north east England. Tonight, down to roughly 11 degrees — a chilly one for June. Looking at the bigger trend, this June has been a cool, dry and sunny month, chilly in the first half. Whatever you've got planned, it's worth a glance out the window first. That's all from me — take care, and I'll see you next time."
2024-06-23,BBCNEWS_20240623_183000_Weather_World,"Hi there, and welcome along to Weather World. I'm Nina — and it's Sunday the 23rd of June. Overall, expect thicker cloud and spells of rain across much of the country. If you're in the Highlands or over towards London and the home counties, expect it to feel damp and rather grey. Into the afternoon, the south west sees much the same, with highs around 13 degrees. Tonight, down to roughly 5 degrees — a chilly one for June. A fairly typical British summer's day, in other words — a bit of everything. Stepping back, the month as a whole has been a cool, dry and sunny month, chilly in the first half. Worth keeping an eye on as the summer unfolds. Spare a thought for anyone who's just washed the car. That's the latest picture — do wrap up or cool down as needed. Bye for now."
2024-06-24,BBCNEWS_20240624_183000_Weather_World,"Evening all — right, let's get stuck into the forecast. I'm Nina. It's Monday the 24th of June, so let's see what's in store across the UK. Overall, expect brisk northerly winds and a good deal of cloud across much of the country. North west england and southern Scotland get the brunt of it — noticeably chilly, more like spring than summer. A quick heads-up: that cold Arctic air making it feel raw in the wind. If you'd told me to pack a scarf for June, I'd have laughed — yet here we are. Top temperatures today around 11, give or take, depending where you are. Tonight, down to roughly 4 degrees — a chilly one for June. And in the wider context — June so far: a cool, dry and sunny month, chilly in the first half. Worth keeping an eye on as the summer unfolds. That's the latest picture — do wrap up or cool down as needed. Bye for now."
2024-06-25,BBCNEWS_20240625_183000_Weather_World,"Hiya, welcome to Weather World, grab a cuppa and settle in. I'm Sarah. Tuesday the 25th of June, and the charts are looking interesting. The dog walkers among you will know exactly what I mean. The broad story is rather a lot of cloud around, pretty much wherever you are. North east england and East Anglia get the brunt of it — on the cool side for the time of year. Into the afternoon, southern Scotland sees much the same, with highs around 13 degrees. After dark it dips to around 7 degrees, fresher in rural spots. Looking at the bigger trend, this June has been a cool, dry and sunny month, chilly in the first half. And that's your lot for now. Whatever you're up to, enjoy it."
2024-06-26,BBCNEWS_20240626_183000_Weather_World,"Well hello there, and a very good evening to you. I'm Carol. It's Wednesday the 26th of June, so let's see what's in store across the UK. The big picture today: plenty of warm sunshine for many of us. My garden's certainly not complaining about this one. For the Midlands, East Anglia and nearby, the word is pleasantly warm. Into the afternoon, Northern Ireland sees much the same, with highs around 19 degrees. After dark it dips to around 12 degrees, fresher in rural spots. Looking at the bigger trend, this June has been a cool, dry and sunny month, chilly in the first half. Worth keeping an eye on as the summer unfolds. And that's your lot for now. Whatever you're up to, enjoy it."
2024-06-27,BBCNEWS_20240627_183000_Weather_World,"Hello and a very warm welcome to Weather World. I'm Nina. It's Thursday the 27th of June, so let's see what's in store across the UK. The big picture today: brisk northerly winds and a good deal of cloud for many of us. Honestly, I had to dig the big coat back out this morning, in June of all months! If you're in north west England or over towards the south east, expect it to feel noticeably chilly, more like spring than summer. Not exactly flaming June, is it? Pop a jumper on. That cold arctic air making it feel raw in the wind. Top temperatures today around 10, give or take, depending where you are. Overnight, lows of about 4 degrees in towns and cities, a touch cooler in the countryside. And in the wider context — June so far: a cool, dry and sunny month, chilly in the first half. One day's weather is just that, of course, but the pattern's telling. That's the latest picture — do wrap up or cool down as needed. Bye for now."
2024-06-28,BBCNEWS_20240628_183000_Weather_World,"Hiya, welcome to Weather World, grab a cuppa and settle in. I'm Matt. Friday the 28th of June, and the charts are looking interesting. Let's start with the headline — plenty of warm sunshine dominating the scene. Across Northern Ireland and the Midlands it'll feel pleasantly warm. By mid-afternoon we're looking at about 19 degrees in the Highlands. Stepping back, the month as a whole has been a cool, dry and sunny month, chilly in the first half. Hay fever sufferers, I'm afraid the pollen count is going to be a nuisance. If you've got the barbecue on standby, today might just be your day. And that's showing up in the day-to-day numbers. That's all from me — take care, and I'll see you next time."
2024-06-29,BBCNEWS_20240629_183000_Weather_World,"Good evening, and thanks for joining me on Weather World. I'm Matt — and it's Saturday the 29th of June. The broad story is brisk northerly winds and a good deal of cloud, pretty much wherever you are. Across the Highlands and the Midlands it'll feel noticeably chilly, more like spring than summer. A quick heads-up: that cold Arctic air making it feel raw in the wind. Into the afternoon, London and the home counties sees much the same, with highs around 10 degrees. Honestly, I had to dig the big coat back out this morning, in June of all months! Tonight, down to roughly 2 degrees — a chilly one for June. Looking at the bigger trend, this June has been a cool, dry and sunny month, chilly in the first half. Worth keeping an eye on as the summer unfolds. I'll hand you back to the studio — see you next time."
2024-06-30,BBCNEWS_20240630_183000_Weather_World,"Good evening, and thanks for joining me on Weather World. I'm Nina. It's Sunday the 30th of June, so let's see what's in store across the UK. Let's start with the headline — brisk northerly winds and a good deal of cloud dominating the scene. Across the Highlands and Wales it'll feel noticeably chilly, more like spring than summer. A quick heads-up: that cold Arctic air making it feel raw in the wind. My garden's certainly not complaining about this one. I'd keep the heating within easy reach, I won't lie. Into the afternoon, Northern Ireland sees much the same, with highs around 11 degrees. Looking at the bigger trend, this June has been a cool, dry and sunny month, chilly in the first half. One day's weather is just that, of course, but the pattern's telling. And that's your lot for now. Whatever you're up to, enjoy it."
2025-06-01,BBCNEWS_20250601_183000_Weather_World,"Good evening, and thanks for joining me on Weather World. I'm Carol. It's Sunday the 01st of June, so let's see what's in store across the UK. The broad story is thicker cloud and spells of rain, pretty much wherever you are. My garden's certainly not complaining about this one. The brollies are going to be earning their keep. For London and the home counties, north east England and nearby, the word is damp and rather grey. Into the afternoon, the Midlands sees much the same, with highs around 16 degrees. Looking at the bigger trend, this June has been the second warmest June on record, with record warm nights. And that's showing up in the day-to-day numbers. And on that note, I'll say cheerio. Back again soon."
2025-06-02,BBCNEWS_20250602_183000_Weather_World,"Good evening, and thanks for joining me on Weather World. I'm Sarah. Coming up to Monday the 02nd of June — here's how the next 24 hours are shaping up. The broad story is thicker cloud and spells of rain, pretty much wherever you are. If you're in Northern Ireland or over towards London and the home counties, expect it to feel damp and rather grey. Worth knowing — the rain turning heavy at times, so allow extra time on the roads. Temperatures peaking near 16 degrees, warmest across the Midlands. And in the wider context — June so far: the second warmest June on record, with record warm nights. Worth keeping an eye on as the summer unfolds. The brollies are going to be earning their keep. I'll leave you there. Thanks for watching Weather World."
2025-06-03,BBCNEWS_20250603_183000_Weather_World,"Hello and a very warm welcome to Weather World. I'm Nina. Well, it's Tuesday the 03rd of June, and there's a fair bit going on out there. Overall, expect strong sunshine and clear blue skies across much of the country. For Northern Ireland, East Anglia and nearby, the word is hot and increasingly uncomfortable in the strong June sun. Uv levels will be high to very high, so do take care out there. Into the afternoon, the south west sees much the same, with highs around 24 degrees. After dark it dips to around 18 degrees, fresher in rural spots. Hay fever sufferers, I'm afraid the pollen count is going to be a nuisance. Looking at the bigger trend, this June has been the second warmest June on record, with record warm nights. And on that note, I'll say cheerio. Back again soon."
2025-06-04,BBCNEWS_20250604_183000_Weather_World,"Well hello there, and a very good evening to you. I'm Owain — and it's Wednesday the 04th of June. My garden's certainly not complaining about this one. Overall, expect a mix of sunshine and fair-weather cloud across much of the country. For Northern Ireland, the south west and nearby, the word is mild and comfortable. Top temperatures today around 19, give or take, depending where you are. Tonight, down to roughly 12 degrees — a chilly one for June. And in the wider context — June so far: the second warmest June on record, with record warm nights. I'll hand you back to the studio — see you next time."
2025-06-05,BBCNEWS_20250605_183000_Weather_World,"Hello and a very warm welcome to Weather World. I'm Matt. It's Thursday the 05th of June, so let's see what's in store across the UK. The big picture today: strong sunshine and clear blue skies for many of us. North east england and the south west get the brunt of it — hot and increasingly uncomfortable in the strong June sun. Uv levels will be high to very high, so do take care out there. Into the afternoon, East Anglia sees much the same, with highs around 24 degrees. Hay fever sufferers, I'm afraid the pollen count is going to be a nuisance. Overnight, lows of about 20 degrees in towns and cities, a touch cooler in the countryside. Stepping back, the month as a whole has been the second warmest June on record, with record warm nights. My garden's certainly not complaining about this one. And on that note, I'll say cheerio. Back again soon."
2025-06-06,BBCNEWS_20250606_183000_Weather_World,"Hi there, and welcome along to Weather World. I'm Matt — and it's Friday the 06th of June. I'll be honest, the forecast computers and I had words about this one. My garden's certainly not complaining about this one. Overall, expect strong sunshine and clear blue skies across much of the country. Wales and north west England get the brunt of it — hot and increasingly uncomfortable in the strong June sun. Temperatures peaking near 25 degrees, warmest across the south east. Tonight, down to roughly 21 degrees — a muggy one. And in the wider context — June so far: the second warmest June on record, with record warm nights. That's the shape of things. Whatever the sky throws at you, make the best of it."
2025-06-07,BBCNEWS_20250607_183000_Weather_World,"Hi there, and welcome along to Weather World. I'm Matt. Coming up to Saturday the 07th of June — here's how the next 24 hours are shaping up. The broad story is sunshine and scattered showers, pretty much wherever you are. Across the south east and London and the home counties it'll feel changeable, warm in the brighter spells. Top temperatures today around 17, give or take, depending where you are. The brollies are going to be earning their keep. My garden's certainly not complaining about this one. And in the wider context — June so far: the second warmest June on record, with record warm nights. That's the shape of things. Whatever the sky throws at you, make the best of it."
2025-06-08,BBCNEWS_20250608_183000_Weather_World,"Hiya, welcome to Weather World, grab a cuppa and settle in. I'm Carol — and it's Sunday the 08th of June. The broad story is a mix of sunshine and fair-weather cloud, pretty much wherever you are. Across southern Scotland and the south east it'll feel mild and comfortable. By mid-afternoon we're looking at about 19 degrees in the south west. After dark it dips to around 14 degrees, fresher in rural spots. Stepping back, the month as a whole has been the second warmest June on record, with record warm nights. My garden's certainly not complaining about this one. Hay fever sufferers, I'm afraid the pollen count is going to be a nuisance. And on that note, I'll say cheerio. Back again soon."
2025-06-09,BBCNEWS_20250609_183000_Weather_World,"Good evening, and thanks for joining me on Weather World. I'm Carol — and it's Monday the 09th of June. Overall, expect plenty of warm sunshine across much of the country. Across north west England and southern Scotland it'll feel pleasantly warm. Whatever you've got planned, it's worth a glance out the window first. A lovely day to get outside if you can. By mid-afternoon we're looking at about 22 degrees in the south west. After dark it dips to around 17 degrees, fresher in rural spots. Stepping back, the month as a whole has been the second warmest June on record, with record warm nights. And that's showing up in the day-to-day numbers. And that's your lot for now. Whatever you're up to, enjoy it."
2025-06-10,BBCNEWS_20250610_183000_Weather_World,"Well hello there, and a very good evening to you. I'm Owain. Well, it's Tuesday the 10th of June, and there's a fair bit going on out there. The big picture today: sunshine and scattered showers for many of us. Across East Anglia and the Midlands it'll feel changeable, warm in the brighter spells. A quick heads-up: keep a brolly handy, the showers are hit and miss. Temperatures peaking near 17 degrees, warmest across London and the home counties. Tonight, down to roughly 12 degrees — a chilly one for June. A fairly typical British summer's day, in other words — a bit of everything. And in the wider context — June so far: the second warmest June on record, with record warm nights. I'll leave you there. Thanks for watching Weather World."
2025-06-11,BBCNEWS_20250611_183000_Weather_World,"Hello and a very warm welcome to Weather World. I'm Nina. Coming up to Wednesday the 11th of June — here's how the next 24 hours are shaping up. The broad story is sunshine and scattered showers, pretty much wherever you are. Hay fever sufferers, I'm afraid the pollen count is going to be a nuisance. The midlands and the south east get the brunt of it — changeable, warm in the brighter spells. A quick heads-up: keep a brolly handy, the showers are hit and miss. Temperatures peaking near 19 degrees, warmest across north west England. After dark it dips to around 14 degrees, fresher in rural spots. Looking at the bigger trend, this June has been the second warmest June on record, with record warm nights. Worth keeping an eye on as the summer unfolds. Right, that's me done. Look after yourselves out there."
2025-06-12,BBCNEWS_20250612_183000_Weather_World,"Welcome back to Weather World — plenty to talk about today. I'm Carol — and it's Thursday the 12th of June. Overall, expect strong sunshine and clear blue skies across much of the country. The ice cream van's going to be doing a roaring trade, that's for sure. Across London and the home counties and the Midlands it'll feel hot and increasingly uncomfortable in the strong June sun. Worth knowing — UV levels will be high to very high, so do take care out there. Top temperatures today around 24, give or take, depending where you are. Honestly, it's the kind of day that makes you forget this is Britain. And in the wider context — June so far: the second warmest June on record, with record warm nights. And that's your lot for now. Whatever you're up to, enjoy it."
2025-06-13,BBCNEWS_20250613_183000_Weather_World,"Hi there, and welcome along to Weather World. I'm Matt. Well, it's Friday the 13th of June, and there's a fair bit going on out there. Hay fever sufferers, I'm afraid the pollen count is going to be a nuisance. The big picture today: plenty of warm sunshine for many of us. London and the home counties and Wales get the brunt of it — pleasantly warm. Worth knowing — a lovely day to get outside if you can. Temperatures peaking near 20 degrees, warmest across the Midlands. Tonight, down to roughly 14 degrees — a muggy one. And in the wider context — June so far: the second warmest June on record, with record warm nights. I'll leave you there. Thanks for watching Weather World."
2025-06-14,BBCNEWS_20250614_183000_Weather_World,"Hello, lovely to have your company on Weather World. I'm Matt — and it's Saturday the 14th of June. I'll be honest, the forecast computers and I had words about this one. Let's start with the headline — a mix of sunshine and fair-weather cloud dominating the scene. For the Highlands, the south west and nearby, the word is mild and comfortable. Into the afternoon, the south east sees much the same, with highs around 18 degrees. Tonight, down to roughly 14 degrees — a muggy one. Stepping back, the month as a whole has been the second warmest June on record, with record warm nights. One day's weather is just that, of course, but the pattern's telling. I'll hand you back to the studio — see you next time."
2025-06-15,BBCNEWS_20250615_183000_Weather_World,"Hello and a very warm welcome to Weather World. I'm Owain. It's Sunday the 15th of June, so let's see what's in store across the UK. I'll be honest, the forecast computers and I had words about this one. The broad story is thicker cloud and spells of rain, pretty much wherever you are. The south west and the south east get the brunt of it — damp and rather grey. Into the afternoon, north west England sees much the same, with highs around 15 degrees. After dark it dips to around 10 degrees, fresher in rural spots. Stepping back, the month as a whole has been the second warmest June on record, with record warm nights. That's the shape of things. Whatever the sky throws at you, make the best of it."
2025-06-16,BBCNEWS_20250616_183000_Weather_World,"Welcome back to Weather World — plenty to talk about today. I'm Matt. Coming up to Monday the 16th of June — here's how the next 24 hours are shaping up. The big picture today: strong sunshine and clear blue skies for many of us. The midlands and southern Scotland get the brunt of it — hot and increasingly uncomfortable in the strong June sun. A quick heads-up: UV levels will be high to very high, so do take care out there. Whatever you've got planned, it's worth a glance out the window first. By mid-afternoon we're looking at about 23 degrees in East Anglia. Overnight, lows of about 17 degrees in towns and cities, a touch cooler in the countryside. Looking at the bigger trend, this June has been the second warmest June on record, with record warm nights. I'll leave you there. Thanks for watching Weather World."
2025-06-17,BBCNEWS_20250617_183000_Weather_World,"Hello and a very warm welcome to Weather World. I'm Owain. Tuesday the 17th of June, and the charts are looking interesting. The big picture today: rather a lot of cloud around for many of us. Hay fever sufferers, I'm afraid the pollen count is going to be a nuisance. The south west and the Highlands get the brunt of it — on the cool side for the time of year. You might want a light jacket first thing. Temperatures peaking near 18 degrees, warmest across north west England. Tonight, down to roughly 13 degrees — a chilly one for June. Looking at the bigger trend, this June has been the second warmest June on record, with record warm nights. Worth keeping an eye on as the summer unfolds. That's the latest picture — do wrap up or cool down as needed. Bye for now."
2025-06-18,BBCNEWS_20250618_183000_Weather_World,"Well hello there, and a very good evening to you. I'm Tomasz — and it's Wednesday the 18th of June. Let's start with the headline — strong sunshine and clear blue skies dominating the scene. East anglia and the Highlands get the brunt of it — hot and increasingly uncomfortable in the strong June sun. A quick heads-up: UV levels will be high to very high, so do take care out there. By mid-afternoon we're looking at about 23 degrees in the south west. After dark it dips to around 17 degrees, fresher in rural spots. And in the wider context — June so far: the second warmest June on record, with record warm nights. Find some shade, keep the water topped up, and don't forget the suncream. And that's showing up in the day-to-day numbers. That's the latest picture — do wrap up or cool down as needed. Bye for now."
2025-06-19,BBCNEWS_20250619_183000_Weather_World,"Evening all — right, let's get stuck into the forecast. I'm Sarah. It's Thursday the 19th of June, so let's see what's in store across the UK. The broad story is sunshine and scattered showers, pretty much wherever you are. Northern ireland and the Midlands get the brunt of it — changeable, warm in the brighter spells. I'll be honest, the forecast computers and I had words about this one. Into the afternoon, the south west sees much the same, with highs around 20 degrees. Tonight, down to roughly 15 degrees — a muggy one. Hay fever sufferers, I'm afraid the pollen count is going to be a nuisance. Looking at the bigger trend, this June has been the second warmest June on record, with record warm nights. And that's showing up in the day-to-day numbers. That's all from me — take care, and I'll see you next time."
2025-06-20,BBCNEWS_20250620_183000_Weather_World,"Hi there, and welcome along to Weather World. I'm Carol. Friday the 20th of June, and the charts are looking interesting. Hay fever sufferers, I'm afraid the pollen count is going to be a nuisance. Overall, expect thicker cloud and spells of rain across much of the country. The midlands and the south west get the brunt of it — damp and rather grey. Top temperatures today around 17, give or take, depending where you are. After dark it dips to around 10 degrees, fresher in rural spots. And in the wider context — June so far: the second warmest June on record, with record warm nights. That's all from me — take care, and I'll see you next time."
2025-06-21,BBCNEWS_20250621_183000_Weather_World,"Evening all — right, let's get stuck into the forecast. I'm Tomasz. Coming up to Saturday the 21st of June — here's how the next 24 hours are shaping up. The broad story is heavy, thundery downpours breaking out, pretty much wherever you are. For southern Scotland, the Midlands and nearby, the word is warm and very humid ahead of the storms. Some of these thunderstorms could bring localised flooding and frequent lightning. Into the afternoon, north east England sees much the same, with highs around 20 degrees. After dark it dips to around 14 degrees, fresher in rural spots. Stepping back, the month as a whole has been the second warmest June on record, with record warm nights. Worth keeping an eye on as the summer unfolds. Hay fever sufferers, I'm afraid the pollen count is going to be a nuisance. That's the shape of things. Whatever the sky throws at you, make the best of it."
2025-06-22,BBCNEWS_20250622_183000_Weather_World,"Good evening, and thanks for joining me on Weather World. I'm Tomasz. It's Sunday the 22nd of June, so let's see what's in store across the UK. The big picture today: plenty of warm sunshine for many of us. For north west England, southern Scotland and nearby, the word is pleasantly warm. A lovely day to get outside if you can. Into the afternoon, the south east sees much the same, with highs around 21 degrees. Stepping back, the month as a whole has been the second warmest June on record, with record warm nights. And that's showing up in the day-to-day numbers. Whatever you've got planned, it's worth a glance out the window first. That's the shape of things. Whatever the sky throws at you, make the best of it."
2025-06-23,BBCNEWS_20250623_183000_Weather_World,"Hello and a very warm welcome to Weather World. I'm Tomasz. Monday the 23rd of June, and the charts are looking interesting. Overall, expect plenty of warm sunshine across much of the country. London and the home counties and East Anglia get the brunt of it — pleasantly warm. Worth knowing — a lovely day to get outside if you can. Temperatures peaking near 22 degrees, warmest across Northern Ireland. And in the wider context — June so far: the second warmest June on record, with record warm nights. Worth keeping an eye on as the summer unfolds. If you've got the barbecue on standby, today might just be your day. That's the latest picture — do wrap up or cool down as needed. Bye for now."
2025-06-24,BBCNEWS_20250624_183000_Weather_World,"Good evening, and thanks for joining me on Weather World. I'm Carol. It's Tuesday the 24th of June, so let's see what's in store across the UK. Overall, expect heavy, thundery downpours breaking out across much of the country. Across Wales and London and the home counties it'll feel warm and very humid ahead of the storms. A quick heads-up: some of these thunderstorms could bring localised flooding and frequent lightning. My garden's certainly not complaining about this one. Into the afternoon, the south east sees much the same, with highs around 21 degrees. After dark it dips to around 15 degrees, fresher in rural spots. Hay fever sufferers, I'm afraid the pollen count is going to be a nuisance. And in the wider context — June so far: the second warmest June on record, with record warm nights. And that's showing up in the day-to-day numbers. That's the shape of things. Whatever the sky throws at you, make the best of it."
2025-06-25,BBCNEWS_20250625_183000_Weather_World,"Welcome back to Weather World — plenty to talk about today. I'm Owain. Well, it's Wednesday the 25th of June, and there's a fair bit going on out there. Let's start with the headline — a mix of sunshine and fair-weather cloud dominating the scene. The south west and north east England get the brunt of it — mild and comfortable. Into the afternoon, London and the home counties sees much the same, with highs around 18 degrees. Overnight, lows of about 13 degrees in towns and cities, a touch cooler in the countryside. My garden's certainly not complaining about this one. And in the wider context — June so far: the second warmest June on record, with record warm nights. That's the latest picture — do wrap up or cool down as needed. Bye for now."
2025-06-26,BBCNEWS_20250626_183000_Weather_World,"Welcome back to Weather World — plenty to talk about today. I'm Carol — and it's Thursday the 26th of June. My garden's certainly not complaining about this one. I'll be honest, the forecast computers and I had words about this one. Let's start with the headline — a mix of sunshine and fair-weather cloud dominating the scene. Across London and the home counties and East Anglia it'll feel mild and comfortable. A quick heads-up: nothing too dramatic on the charts today. By mid-afternoon we're looking at about 19 degrees in the Midlands. After dark it dips to around 14 degrees, fresher in rural spots. And in the wider context — June so far: the second warmest June on record, with record warm nights. Right, that's me done. Look after yourselves out there."
2025-06-27,BBCNEWS_20250627_183000_Weather_World,"Good evening, and thanks for joining me on Weather World. I'm Owain. Coming up to Friday the 27th of June — here's how the next 24 hours are shaping up. Let's start with the headline — plenty of warm sunshine dominating the scene. For north east England, London and the home counties and nearby, the word is pleasantly warm. Whatever you've got planned, it's worth a glance out the window first. A lovely day to get outside if you can. Temperatures peaking near 22 degrees, warmest across East Anglia. Overnight, lows of about 17 degrees in towns and cities, a touch cooler in the countryside. And in the wider context — June so far: the second warmest June on record, with record warm nights. One day's weather is just that, of course, but the pattern's telling. That's the shape of things. Whatever the sky throws at you, make the best of it."
2025-06-28,BBCNEWS_20250628_183000_Weather_World,"Hello, lovely to have your company on Weather World. I'm Nina — and it's Saturday the 28th of June. Let's start with the headline — rather a lot of cloud around dominating the scene. Across the south west and the Midlands it'll feel on the cool side for the time of year. A quick heads-up: you might want a light jacket first thing. Top temperatures today around 16, give or take, depending where you are. Tonight, down to roughly 9 degrees — a chilly one for June. And in the wider context — June so far: the second warmest June on record, with record warm nights. One day's weather is just that, of course, but the pattern's telling. The dog walkers among you will know exactly what I mean. I'll be honest, the forecast computers and I had words about this one. That's all from me — take care, and I'll see you next time."
2025-06-29,BBCNEWS_20250629_183000_Weather_World,"Good evening, and thanks for joining me on Weather World. I'm Tomasz. It's Sunday the 29th of June, so let's see what's in store across the UK. The big picture today: plenty of warm sunshine for many of us. If you're in the Highlands or over towards the south west, expect it to feel pleasantly warm. Into the afternoon, north east England sees much the same, with highs around 22 degrees. After dark it dips to around 17 degrees, fresher in rural spots. And in the wider context — June so far: the second warmest June on record, with record warm nights. My garden's certainly not complaining about this one. And that's showing up in the day-to-day numbers. If you've got the barbecue on standby, today might just be your day. Right, that's me done. Look after yourselves out there."
2025-06-30,BBCNEWS_20250630_183000_Weather_World,"Hiya, welcome to Weather World, grab a cuppa and settle in. I'm Owain. Monday the 30th of June, and the charts are looking interesting. The big picture today: thicker cloud and spells of rain for many of us. Across southern Scotland and London and the home counties it'll feel damp and rather grey. My garden's certainly not complaining about this one. By mid-afternoon we're looking at about 16 degrees in Northern Ireland. Stepping back, the month as a whole has been the second warmest June on record, with record warm nights. That's the latest picture — do wrap up or cool down as needed. Bye for now."
